"id","Temp_C","Visibility_km","Press_kPa","Weather","Date/Time","Dew Point Temp_C","Rel Hum_%","Wind_Speed_km_h"
68,-16.9,25.0,101.74,Clear,"2012-01-03 19:00:00",-24.8,50,24.0
115,-7.1,25.0,100.71,Clear,"2012-01-05 18:00:00",-14.4,56,11.0
116,-9.2,25.0,100.8,Clear,"2012-01-05 19:00:00",-15.4,61,7.0
117,-9.8,25.0,100.83,Clear,"2012-01-05 20:00:00",-15.7,62,9.0
118,-9.0,25.0,100.83,Clear,"2012-01-05 21:00:00",-14.8,63,13.0
242,-10.7,25.0,101.49,Clear,"2012-01-11 01:00:00",-17.8,56,17.0
243,-12.0,25.0,101.57,Clear,"2012-01-11 02:00:00",-18.9,56,19.0
244,-12.7,25.0,101.64,Clear,"2012-01-11 03:00:00",-19.4,57,19.0
245,-13.4,25.0,101.66,Clear,"2012-01-11 04:00:00",-20.1,57,17.0
345,-23.3,24.1,102.45,Clear,"2012-01-15 08:00:00",-28.5,62,7.0
352,-15.4,48.3,102.71,Clear,"2012-01-15 15:00:00",-22.8,53,24.0
353,-15.1,48.3,102.79,Clear,"2012-01-15 16:00:00",-22.8,52,24.0
354,-16.2,25.0,102.85,Clear,"2012-01-15 17:00:00",-23.2,55,15.0
355,-16.3,25.0,102.89,Clear,"2012-01-15 18:00:00",-22.9,57,17.0
356,-16.3,25.0,102.94,Clear,"2012-01-15 19:00:00",-22.7,58,20.0
357,-16.7,25.0,102.98,Clear,"2012-01-15 20:00:00",-22.4,61,17.0
358,-16.9,25.0,103.02,Clear,"2012-01-15 21:00:00",-22.2,63,15.0
359,-16.9,25.0,103.07,Clear,"2012-01-15 22:00:00",-21.7,66,17.0
360,-16.9,25.0,103.09,Clear,"2012-01-15 23:00:00",-21.4,68,15.0
361,-17.1,25.0,103.09,Clear,"2012-01-16 00:00:00",-21.9,66,15.0
362,-17.8,25.0,103.05,Clear,"2012-01-16 01:00:00",-22.7,65,6.0
363,-18.5,25.0,103.08,Clear,"2012-01-16 02:00:00",-23.0,68,6.0
364,-19.2,25.0,103.07,Clear,"2012-01-16 03:00:00",-23.8,67,6.0
365,-18.7,25.0,103.05,Clear,"2012-01-16 04:00:00",-23.5,66,0.0
366,-19.1,25.0,103.02,Clear,"2012-01-16 05:00:00",-23.3,69,0.0
367,-18.7,25.0,103.01,Clear,"2012-01-16 06:00:00",-23.2,68,0.0
426,-11.3,48.3,101.54,Clear,"2012-01-18 17:00:00",-18.8,54,26.0
427,-12.0,25.0,101.67,Clear,"2012-01-18 18:00:00",-18.2,60,22.0
428,-12.7,25.0,101.78,Clear,"2012-01-18 19:00:00",-18.7,61,22.0
429,-13.4,25.0,101.83,Clear,"2012-01-18 20:00:00",-19.2,62,17.0
430,-13.7,25.0,101.89,Clear,"2012-01-18 21:00:00",-19.3,63,17.0
431,-14.2,25.0,101.92,Clear,"2012-01-18 22:00:00",-19.8,62,13.0
432,-14.9,25.0,101.93,Clear,"2012-01-18 23:00:00",-19.9,66,6.0
433,-16.6,25.0,101.94,Clear,"2012-01-19 00:00:00",-20.9,69,7.0
434,-15.2,25.0,101.89,Clear,"2012-01-19 01:00:00",-18.4,76,4.0
435,-14.3,25.0,101.86,Clear,"2012-01-19 02:00:00",-17.4,77,6.0
436,-18.0,25.0,101.83,Clear,"2012-01-19 03:00:00",-21.6,73,6.0
437,-15.4,25.0,101.81,Clear,"2012-01-19 04:00:00",-18.3,78,7.0
438,-16.6,25.0,101.85,Clear,"2012-01-19 05:00:00",-19.9,76,6.0
439,-15.3,25.0,101.83,Clear,"2012-01-19 06:00:00",-19.7,69,6.0
440,-14.6,24.1,101.84,Clear,"2012-01-19 07:00:00",-19.2,68,6.0
441,-13.7,48.3,101.84,Clear,"2012-01-19 08:00:00",-18.4,68,19.0
442,-12.7,48.3,101.73,Clear,"2012-01-19 09:00:00",-17.2,69,17.0
466,-12.2,24.1,101.59,Clear,"2012-01-20 09:00:00",-18.1,61,32.0
468,-14.2,24.1,101.84,Clear,"2012-01-20 11:00:00",-21.2,55,32.0
469,-15.2,24.1,101.88,Clear,"2012-01-20 12:00:00",-22.1,56,30.0
470,-15.8,24.1,101.96,Clear,"2012-01-20 13:00:00",-23.7,51,30.0
495,-12.5,24.1,102.01,Clear,"2012-01-21 14:00:00",-19.7,55,13.0
496,-11.8,24.1,102.06,Clear,"2012-01-21 15:00:00",-18.9,56,11.0
497,-11.6,48.3,102.11,Clear,"2012-01-21 16:00:00",-18.8,55,7.0
498,-12.1,48.3,102.16,Clear,"2012-01-21 17:00:00",-19.8,53,11.0
499,-13.0,25.0,102.24,Clear,"2012-01-21 18:00:00",-20.2,55,6.0
500,-13.4,25.0,102.27,Clear,"2012-01-21 19:00:00",-19.9,58,4.0
501,-18.5,25.0,102.36,Clear,"2012-01-21 20:00:00",-24.4,60,4.0
502,-16.0,25.0,102.47,Clear,"2012-01-21 21:00:00",-20.8,66,9.0
503,-17.6,25.0,102.52,Clear,"2012-01-21 22:00:00",-23.3,61,0.0
505,-18.3,25.0,102.57,Clear,"2012-01-22 00:00:00",-22.5,70,0.0
506,-17.5,25.0,102.64,Clear,"2012-01-22 01:00:00",-21.3,72,4.0
507,-18.5,25.0,102.71,Clear,"2012-01-22 02:00:00",-22.6,70,0.0
526,-12.9,16.1,102.38,Clear,"2012-01-22 21:00:00",-17.2,70,15.0
602,-7.0,25.0,101.95,Clear,"2012-01-26 01:00:00",-12.1,67,4.0
603,-8.2,25.0,101.99,Clear,"2012-01-26 02:00:00",-12.6,71,6.0
604,-8.1,25.0,101.97,Clear,"2012-01-26 03:00:00",-12.5,71,0.0
605,-8.5,25.0,101.95,Clear,"2012-01-26 04:00:00",-13.5,67,0.0
606,-9.0,25.0,102.02,Clear,"2012-01-26 05:00:00",-13.9,68,6.0
607,-11.2,25.0,102.06,Clear,"2012-01-26 06:00:00",-15.0,73,6.0
609,-9.2,24.1,102.08,Clear,"2012-01-26 08:00:00",-13.3,72,6.0
696,-3.4,25.0,100.85,Clear,"2012-01-29 23:00:00",-7.6,73,15.0
697,-3.7,25.0,100.89,Clear,"2012-01-30 00:00:00",-8.8,68,11.0
699,-5.1,25.0,100.99,Clear,"2012-01-30 02:00:00",-10.0,68,15.0
700,-6.1,25.0,101.07,Clear,"2012-01-30 03:00:00",-10.3,72,11.0
701,-7.7,25.0,101.19,Clear,"2012-01-30 04:00:00",-11.8,72,11.0
702,-7.9,25.0,101.33,Clear,"2012-01-30 05:00:00",-13.8,63,13.0
703,-8.9,25.0,101.47,Clear,"2012-01-30 06:00:00",-15.1,61,15.0
704,-9.8,25.0,101.55,Clear,"2012-01-30 07:00:00",-16.0,61,15.0
705,-10.5,48.3,101.68,Clear,"2012-01-30 08:00:00",-17.0,59,9.0
711,-6.7,48.3,101.81,Clear,"2012-01-30 14:00:00",-15.0,52,22.0
823,-9.4,25.0,102.27,Clear,"2012-02-04 06:00:00",-13.9,70,9.0
824,-11.0,48.3,102.25,Clear,"2012-02-04 07:00:00",-14.7,74,7.0
825,-11.6,48.3,102.31,Clear,"2012-02-04 08:00:00",-15.6,72,9.0
826,-9.6,48.3,102.37,Clear,"2012-02-04 09:00:00",-14.1,70,13.0
828,-7.6,48.3,102.29,Clear,"2012-02-04 11:00:00",-13.6,62,0.0
833,-5.7,48.3,101.99,Clear,"2012-02-04 16:00:00",-12.8,57,9.0
834,-6.2,48.3,101.97,Clear,"2012-02-04 17:00:00",-13.5,56,11.0
835,-6.6,25.0,101.96,Clear,"2012-02-04 18:00:00",-13.7,57,9.0
836,-7.7,25.0,101.97,Clear,"2012-02-04 19:00:00",-14.0,61,7.0
837,-8.8,25.0,101.97,Clear,"2012-02-04 20:00:00",-14.4,64,6.0
838,-9.9,25.0,101.97,Clear,"2012-02-04 21:00:00",-14.5,69,6.0
839,-10.3,25.0,101.93,Clear,"2012-02-04 22:00:00",-14.9,69,0.0
840,-10.1,25.0,101.89,Clear,"2012-02-04 23:00:00",-14.3,71,0.0
841,-11.9,25.0,101.89,Clear,"2012-02-05 00:00:00",-15.3,76,6.0
842,-12.1,25.0,101.87,Clear,"2012-02-05 01:00:00",-15.0,79,6.0
843,-14.4,25.0,101.88,Clear,"2012-02-05 02:00:00",-17.1,80,6.0
844,-12.9,25.0,101.86,Clear,"2012-02-05 03:00:00",-15.7,79,6.0
845,-14.9,25.0,101.86,Clear,"2012-02-05 04:00:00",-17.9,78,6.0
846,-14.2,25.0,101.91,Clear,"2012-02-05 05:00:00",-17.0,79,7.0
847,-14.7,19.3,101.93,Clear,"2012-02-05 06:00:00",-17.5,79,4.0
848,-15.7,24.1,101.93,Clear,"2012-02-05 07:00:00",-18.6,78,4.0
849,-15.0,24.1,101.95,Clear,"2012-02-05 08:00:00",-17.5,81,4.0
850,-13.5,24.1,101.97,Clear,"2012-02-05 09:00:00",-16.1,81,0.0
902,-5.2,24.1,101.73,Clear,"2012-02-07 13:00:00",-14.3,49,15.0
903,-5.1,24.1,101.79,Clear,"2012-02-07 14:00:00",-15.1,45,15.0
904,-4.8,24.1,101.85,Clear,"2012-02-07 15:00:00",-15.4,43,19.0
905,-5.0,24.1,101.88,Clear,"2012-02-07 16:00:00",-16.4,40,22.0
906,-5.9,48.3,101.94,Clear,"2012-02-07 17:00:00",-17.6,39,19.0
907,-7.3,25.0,102.03,Clear,"2012-02-07 18:00:00",-17.4,44,11.0
908,-8.2,25.0,102.09,Clear,"2012-02-07 19:00:00",-17.8,46,9.0
909,-9.2,25.0,102.12,Clear,"2012-02-07 20:00:00",-18.4,47,11.0
910,-9.6,25.0,102.15,Clear,"2012-02-07 21:00:00",-18.9,47,13.0
911,-10.8,25.0,102.21,Clear,"2012-02-07 22:00:00",-20.1,46,9.0
912,-11.8,25.0,102.21,Clear,"2012-02-07 23:00:00",-20.8,47,9.0
913,-13.8,25.0,102.21,Clear,"2012-02-08 00:00:00",-21.5,52,4.0
914,-11.9,25.0,102.21,Clear,"2012-02-08 01:00:00",-20.6,48,9.0
915,-12.1,25.0,102.2,Clear,"2012-02-08 02:00:00",-20.4,50,6.0
916,-12.4,25.0,102.15,Clear,"2012-02-08 03:00:00",-20.4,51,11.0
917,-14.0,25.0,102.13,Clear,"2012-02-08 04:00:00",-21.0,55,4.0
918,-12.6,25.0,102.11,Clear,"2012-02-08 05:00:00",-21.2,49,0.0
925,-4.6,48.3,101.76,Clear,"2012-02-08 12:00:00",-12.9,52,20.0
926,-3.3,48.3,101.63,Clear,"2012-02-08 13:00:00",-12.9,47,32.0
932,-3.2,25.0,101.28,Clear,"2012-02-08 19:00:00",-12.4,49,22.0
933,-3.3,25.0,101.26,Clear,"2012-02-08 20:00:00",-12.1,51,22.0
936,-3.6,25.0,101.19,Clear,"2012-02-08 23:00:00",-8.1,71,20.0
937,-4.0,25.0,101.17,Clear,"2012-02-09 00:00:00",-8.3,72,13.0
938,-3.4,25.0,101.16,Clear,"2012-02-09 01:00:00",-7.9,71,13.0
939,-3.9,25.0,101.17,Clear,"2012-02-09 02:00:00",-8.0,73,11.0
940,-3.5,25.0,101.12,Clear,"2012-02-09 03:00:00",-7.9,72,24.0
941,-3.4,25.0,101.1,Clear,"2012-02-09 04:00:00",-8.0,70,26.0
942,-4.1,25.0,101.11,Clear,"2012-02-09 05:00:00",-8.3,73,20.0
943,-4.9,25.0,101.13,Clear,"2012-02-09 06:00:00",-8.9,73,20.0
945,-4.9,24.1,101.23,Clear,"2012-02-09 08:00:00",-8.8,74,20.0
948,-1.2,24.1,101.27,Clear,"2012-02-09 11:00:00",-7.3,63,24.0
949,-0.1,48.3,101.19,Clear,"2012-02-09 12:00:00",-7.3,58,24.0
950,0.7,48.3,101.13,Clear,"2012-02-09 13:00:00",-7.1,56,26.0
951,1.5,24.1,101.05,Clear,"2012-02-09 14:00:00",-6.3,56,30.0
952,2.4,48.3,101.03,Clear,"2012-02-09 15:00:00",-6.2,53,24.0
953,2.7,48.3,101.01,Clear,"2012-02-09 16:00:00",-6.5,51,22.0
954,2.0,48.3,101.02,Clear,"2012-02-09 17:00:00",-6.3,54,20.0
955,1.6,24.1,101.06,Clear,"2012-02-09 18:00:00",-6.6,54,22.0
956,0.4,25.0,101.1,Clear,"2012-02-09 19:00:00",-5.9,63,20.0
957,0.5,25.0,101.11,Clear,"2012-02-09 20:00:00",-6.6,59,17.0
958,0.2,25.0,101.13,Clear,"2012-02-09 21:00:00",-5.5,65,22.0
959,0.8,25.0,101.11,Clear,"2012-02-09 22:00:00",-4.7,67,28.0
960,0.1,25.0,101.1,Clear,"2012-02-09 23:00:00",-4.9,69,26.0
961,0.4,25.0,101.12,Clear,"2012-02-10 00:00:00",-3.5,75,22.0
962,0.1,25.0,101.13,Clear,"2012-02-10 01:00:00",-4.1,73,19.0
963,0.0,25.0,101.15,Clear,"2012-02-10 02:00:00",-4.3,73,22.0
964,-1.0,25.0,101.13,Clear,"2012-02-10 03:00:00",-4.3,78,17.0
965,-0.8,25.0,101.1,Clear,"2012-02-10 04:00:00",-4.4,77,20.0
966,-0.8,25.0,101.07,Clear,"2012-02-10 05:00:00",-4.3,77,22.0
967,-0.7,25.0,101.07,Clear,"2012-02-10 06:00:00",-4.0,78,22.0
1003,-12.8,25.0,100.72,Clear,"2012-02-11 18:00:00",-17.9,66,4.0
1004,-14.0,25.0,100.74,Clear,"2012-02-11 19:00:00",-21.2,54,7.0
1005,-14.4,25.0,100.73,Clear,"2012-02-11 20:00:00",-19.9,63,9.0
1006,-13.9,25.0,100.71,Clear,"2012-02-11 21:00:00",-18.6,68,7.0
1007,-13.5,25.0,100.7,Clear,"2012-02-11 22:00:00",-18.2,68,6.0
1008,-14.5,25.0,100.68,Clear,"2012-02-11 23:00:00",-20.8,59,13.0
1009,-15.0,25.0,100.66,Clear,"2012-02-12 00:00:00",-22.4,53,11.0
1011,-15.9,25.0,100.6,Clear,"2012-02-12 02:00:00",-23.7,51,6.0
1173,-1.7,25.0,101.09,Clear,"2012-02-18 20:00:00",-7.8,63,11.0
1174,-2.4,25.0,101.16,Clear,"2012-02-18 21:00:00",-8.1,65,9.0
1175,-3.5,25.0,101.21,Clear,"2012-02-18 22:00:00",-8.3,69,9.0
1176,-3.9,25.0,101.29,Clear,"2012-02-18 23:00:00",-8.7,69,9.0
1177,-3.9,25.0,101.37,Clear,"2012-02-19 00:00:00",-8.8,69,13.0
1180,-6.0,25.0,101.43,Clear,"2012-02-19 03:00:00",-10.3,72,0.0
1183,-6.7,25.0,101.5,Clear,"2012-02-19 06:00:00",-10.3,76,6.0
1191,-2.3,48.3,101.45,Clear,"2012-02-19 14:00:00",-9.5,58,15.0
1192,-1.6,48.3,101.43,Clear,"2012-02-19 15:00:00",-9.3,56,17.0
1193,-1.6,48.3,101.37,Clear,"2012-02-19 16:00:00",-9.7,54,20.0
1194,-2.1,48.3,101.36,Clear,"2012-02-19 17:00:00",-9.8,56,15.0
1195,-2.9,48.3,101.39,Clear,"2012-02-19 18:00:00",-9.8,59,13.0
1196,-3.2,25.0,101.43,Clear,"2012-02-19 19:00:00",-10.0,59,15.0
1197,-3.8,25.0,101.47,Clear,"2012-02-19 20:00:00",-10.1,62,13.0
1198,-4.8,25.0,101.51,Clear,"2012-02-19 21:00:00",-10.0,67,11.0
1199,-5.4,25.0,101.52,Clear,"2012-02-19 22:00:00",-10.2,69,9.0
1200,-6.3,25.0,101.52,Clear,"2012-02-19 23:00:00",-11.8,65,7.0
1201,-6.7,25.0,101.55,Clear,"2012-02-20 00:00:00",-12.4,64,4.0
1202,-7.6,25.0,101.63,Clear,"2012-02-20 01:00:00",-12.6,67,0.0
1203,-8.8,25.0,101.66,Clear,"2012-02-20 02:00:00",-12.3,76,4.0
1204,-8.8,25.0,101.68,Clear,"2012-02-20 03:00:00",-12.7,73,7.0
1205,-9.8,25.0,101.69,Clear,"2012-02-20 04:00:00",-13.0,77,6.0
1206,-10.2,25.0,101.77,Clear,"2012-02-20 05:00:00",-13.7,75,6.0
1207,-10.7,25.0,101.81,Clear,"2012-02-20 06:00:00",-14.3,75,4.0
1208,-11.0,24.1,101.87,Clear,"2012-02-20 07:00:00",-14.4,76,4.0
1218,-1.9,48.3,102.08,Clear,"2012-02-20 17:00:00",-8.9,59,17.0
1219,-3.2,48.3,102.1,Clear,"2012-02-20 18:00:00",-8.8,65,9.0
1220,-3.6,25.0,102.13,Clear,"2012-02-20 19:00:00",-8.7,68,7.0
1222,-3.5,25.0,102.18,Clear,"2012-02-20 21:00:00",-8.9,66,6.0
1223,-3.3,25.0,102.2,Clear,"2012-02-20 22:00:00",-8.8,66,0.0
1224,-5.8,25.0,102.2,Clear,"2012-02-20 23:00:00",-9.3,76,4.0
1225,-4.0,25.0,102.21,Clear,"2012-02-21 00:00:00",-8.1,73,9.0
1226,-4.3,25.0,102.18,Clear,"2012-02-21 01:00:00",-8.4,73,6.0
1227,-4.1,25.0,102.21,Clear,"2012-02-21 02:00:00",-8.1,74,7.0
1228,-5.3,25.0,102.19,Clear,"2012-02-21 03:00:00",-8.9,76,4.0
1229,-5.2,25.0,102.12,Clear,"2012-02-21 04:00:00",-8.2,79,4.0
1292,1.6,25.0,100.05,Clear,"2012-02-23 19:00:00",-4.8,62,19.0
1293,1.1,25.0,100.12,Clear,"2012-02-23 20:00:00",-5.0,64,15.0
1294,0.5,25.0,100.23,Clear,"2012-02-23 21:00:00",-5.2,66,13.0
1295,-0.2,25.0,100.28,Clear,"2012-02-23 22:00:00",-5.4,68,9.0
1296,-1.0,25.0,100.31,Clear,"2012-02-23 23:00:00",-5.2,73,7.0
1297,-0.9,25.0,100.34,Clear,"2012-02-24 00:00:00",-5.1,73,6.0
1298,-1.7,25.0,100.29,Clear,"2012-02-24 01:00:00",-5.1,78,4.0
1299,-1.8,25.0,100.2,Clear,"2012-02-24 02:00:00",-5.4,76,0.0
1347,-9.2,25.0,101.26,Clear,"2012-02-26 02:00:00",-14.6,65,22.0
1350,-11.6,25.0,101.77,Clear,"2012-02-26 05:00:00",-15.9,70,20.0
1351,-11.3,25.0,101.92,Clear,"2012-02-26 06:00:00",-16.8,64,22.0
1352,-12.1,48.3,102.07,Clear,"2012-02-26 07:00:00",-17.8,62,22.0
1355,-11.2,48.3,102.35,Clear,"2012-02-26 10:00:00",-20.3,47,22.0
1356,-10.1,48.3,102.39,Clear,"2012-02-26 11:00:00",-20.1,44,26.0
1357,-9.3,48.3,102.42,Clear,"2012-02-26 12:00:00",-18.6,47,28.0
1402,-8.3,48.3,102.63,Clear,"2012-02-28 09:00:00",-13.8,64,20.0
1403,-7.5,24.1,102.65,Clear,"2012-02-28 10:00:00",-13.6,62,13.0
1404,-6.5,48.3,102.69,Clear,"2012-02-28 11:00:00",-13.1,59,9.0
1411,-5.3,24.1,102.56,Clear,"2012-02-28 18:00:00",-12.5,57,17.0
1412,-5.9,25.0,102.58,Clear,"2012-02-28 19:00:00",-12.9,58,7.0
1413,-6.8,25.0,102.56,Clear,"2012-02-28 20:00:00",-13.4,59,11.0
1414,-8.7,25.0,102.53,Clear,"2012-02-28 21:00:00",-14.6,62,11.0
1415,-8.3,25.0,102.52,Clear,"2012-02-28 22:00:00",-14.0,63,0.0
1416,-10.0,25.0,102.52,Clear,"2012-02-28 23:00:00",-15.3,65,9.0
1417,-8.2,25.0,102.51,Clear,"2012-02-29 00:00:00",-13.8,64,9.0
1418,-9.5,25.0,102.47,Clear,"2012-02-29 01:00:00",-14.8,65,4.0
1420,-11.5,25.0,102.45,Clear,"2012-02-29 03:00:00",-14.7,77,0.0
1422,-13.1,25.0,102.4,Clear,"2012-02-29 05:00:00",-16.0,79,0.0
1423,-12.2,25.0,102.41,Clear,"2012-02-29 06:00:00",-15.2,78,0.0
1539,-14.5,25.0,100.39,Clear,"2012-03-05 02:00:00",-22.3,52,24.0
1540,-15.0,25.0,100.47,Clear,"2012-03-05 03:00:00",-21.5,58,22.0
1541,-15.5,25.0,100.55,Clear,"2012-03-05 04:00:00",-21.9,58,26.0
1542,-15.9,25.0,100.69,Clear,"2012-03-05 05:00:00",-22.1,59,20.0
1556,-10.1,25.0,102.01,Clear,"2012-03-05 19:00:00",-19.1,48,20.0
1558,-11.0,25.0,102.23,Clear,"2012-03-05 21:00:00",-19.6,49,17.0
1559,-11.6,25.0,102.29,Clear,"2012-03-05 22:00:00",-20.2,49,15.0
1560,-12.6,25.0,102.34,Clear,"2012-03-05 23:00:00",-20.3,53,11.0
1561,-13.4,25.0,102.41,Clear,"2012-03-06 00:00:00",-20.5,55,11.0
1562,-13.4,25.0,102.5,Clear,"2012-03-06 01:00:00",-20.3,56,11.0
1563,-13.7,25.0,102.55,Clear,"2012-03-06 02:00:00",-20.7,55,4.0
1564,-14.8,25.0,102.61,Clear,"2012-03-06 03:00:00",-21.1,59,9.0
1565,-14.5,25.0,102.7,Clear,"2012-03-06 04:00:00",-21.1,57,9.0
1566,-14.6,25.0,102.85,Clear,"2012-03-06 05:00:00",-21.0,58,13.0
1567,-15.3,24.1,102.9,Clear,"2012-03-06 06:00:00",-21.3,60,11.0
1568,-14.8,48.3,103.0,Clear,"2012-03-06 07:00:00",-20.7,61,11.0
1569,-13.0,48.3,103.06,Clear,"2012-03-06 08:00:00",-19.4,59,0.0
1570,-11.3,48.3,103.1,Clear,"2012-03-06 09:00:00",-19.1,52,6.0
1594,-2.5,24.1,101.85,Clear,"2012-03-07 09:00:00",-7.7,67,11.0
1595,-0.1,24.1,101.76,Clear,"2012-03-07 10:00:00",-6.5,62,6.0
1640,-5.0,24.1,101.31,Clear,"2012-03-09 07:00:00",-9.7,70,15.0
1641,-4.7,24.1,101.41,Clear,"2012-03-09 08:00:00",-10.2,65,15.0
1642,-4.0,24.1,101.46,Clear,"2012-03-09 09:00:00",-9.5,66,20.0
1669,-4.1,48.3,102.99,Clear,"2012-03-10 12:00:00",-12.1,54,7.0
1688,-1.8,48.3,101.97,Clear,"2012-03-11 07:00:00",-6.9,68,11.0
1689,0.1,48.3,102.0,Clear,"2012-03-11 08:00:00",-6.2,63,7.0
1691,3.8,48.3,101.97,Clear,"2012-03-11 10:00:00",-5.7,50,13.0
1692,5.9,48.3,101.92,Clear,"2012-03-11 11:00:00",-4.2,48,11.0
1693,6.8,48.3,101.86,Clear,"2012-03-11 12:00:00",-3.2,49,24.0
1694,9.0,48.3,101.79,Clear,"2012-03-11 13:00:00",-1.9,46,20.0
1695,9.5,48.3,101.74,Clear,"2012-03-11 14:00:00",-1.6,46,24.0
1696,10.5,48.3,101.69,Clear,"2012-03-11 15:00:00",-1.3,44,20.0
1697,10.9,48.3,101.65,Clear,"2012-03-11 16:00:00",-0.7,45,15.0
1698,10.7,48.3,101.65,Clear,"2012-03-11 17:00:00",-0.6,45,11.0
1699,9.1,25.0,101.68,Clear,"2012-03-11 18:00:00",-1.0,49,7.0
1700,7.4,25.0,101.69,Clear,"2012-03-11 19:00:00",-1.2,54,6.0
1701,4.8,48.3,101.7,Clear,"2012-03-11 20:00:00",-1.5,64,9.0
1703,5.2,25.0,101.72,Clear,"2012-03-11 22:00:00",-1.9,60,6.0
1704,6.1,25.0,101.75,Clear,"2012-03-11 23:00:00",-2.0,56,7.0
1705,6.0,25.0,101.77,Clear,"2012-03-12 00:00:00",-1.8,57,20.0
1710,2.3,25.0,101.82,Clear,"2012-03-12 05:00:00",-1.9,74,9.0
1711,3.1,48.3,101.89,Clear,"2012-03-12 06:00:00",-1.8,70,11.0
1852,3.9,25.0,101.66,Clear,"2012-03-18 03:00:00",2.4,90,7.0
1853,3.2,25.0,101.69,Clear,"2012-03-18 04:00:00",2.3,94,6.0
1854,3.5,25.0,101.7,Clear,"2012-03-18 05:00:00",2.4,92,6.0
1855,3.6,24.1,101.72,Clear,"2012-03-18 06:00:00",2.6,93,7.0
1860,14.1,48.3,101.71,Clear,"2012-03-18 11:00:00",7.6,65,13.0
1861,17.3,48.3,101.63,Clear,"2012-03-18 12:00:00",8.7,57,11.0
1869,12.8,25.0,101.34,Clear,"2012-03-18 20:00:00",8.6,76,7.0
1874,10.8,25.0,101.39,Clear,"2012-03-19 01:00:00",8.5,86,6.0
1875,10.6,25.0,101.42,Clear,"2012-03-19 02:00:00",8.6,87,4.0
1876,10.2,25.0,101.42,Clear,"2012-03-19 03:00:00",8.3,88,11.0
1877,11.2,25.0,101.49,Clear,"2012-03-19 04:00:00",9.0,86,6.0
1878,9.7,25.0,101.5,Clear,"2012-03-19 05:00:00",8.1,90,7.0
1894,9.5,25.0,101.8,Clear,"2012-03-19 21:00:00",4.1,69,15.0
1895,8.8,25.0,101.83,Clear,"2012-03-19 22:00:00",2.7,66,17.0
1896,7.2,25.0,101.86,Clear,"2012-03-19 23:00:00",1.8,69,9.0
1897,7.1,25.0,101.85,Clear,"2012-03-20 00:00:00",1.0,65,11.0
1898,6.1,25.0,101.85,Clear,"2012-03-20 01:00:00",0.7,68,11.0
1899,5.7,25.0,101.85,Clear,"2012-03-20 02:00:00",0.4,69,11.0
1900,5.2,25.0,101.86,Clear,"2012-03-20 03:00:00",0.2,70,7.0
1901,5.2,25.0,101.88,Clear,"2012-03-20 04:00:00",-0.2,68,4.0
1902,5.0,25.0,101.92,Clear,"2012-03-20 05:00:00",-0.3,69,7.0
1903,3.2,24.1,101.97,Clear,"2012-03-20 06:00:00",-0.6,76,4.0
1904,5.5,24.1,102.0,Clear,"2012-03-20 07:00:00",-0.1,67,4.0
1905,8.0,24.1,102.08,Clear,"2012-03-20 08:00:00",0.6,60,6.0
1908,14.9,24.1,102.02,Clear,"2012-03-20 11:00:00",4.0,48,6.0
1909,16.5,24.1,101.98,Clear,"2012-03-20 12:00:00",6.7,52,9.0
1910,20.0,24.1,101.93,Clear,"2012-03-20 13:00:00",10.8,55,13.0
1911,21.5,24.1,101.83,Clear,"2012-03-20 14:00:00",11.8,54,11.0
1912,22.5,24.1,101.78,Clear,"2012-03-20 15:00:00",12.3,52,9.0
1913,23.3,24.1,101.73,Clear,"2012-03-20 16:00:00",12.1,49,7.0
1914,22.0,24.1,101.72,Clear,"2012-03-20 17:00:00",12.1,53,7.0
1915,19.7,24.1,101.74,Clear,"2012-03-20 18:00:00",11.7,60,4.0
1916,17.5,25.0,101.79,Clear,"2012-03-20 19:00:00",10.9,65,6.0
1917,18.1,25.0,101.85,Clear,"2012-03-20 20:00:00",11.6,66,4.0
1918,16.0,25.0,101.89,Clear,"2012-03-20 21:00:00",10.9,72,6.0
1919,14.2,25.0,101.9,Clear,"2012-03-20 22:00:00",10.3,77,4.0
1920,14.3,25.0,101.91,Clear,"2012-03-20 23:00:00",10.7,79,6.0
1921,14.0,25.0,101.9,Clear,"2012-03-21 00:00:00",11.0,82,9.0
1922,12.4,25.0,101.92,Clear,"2012-03-21 01:00:00",10.5,88,4.0
1923,11.8,25.0,101.93,Clear,"2012-03-21 02:00:00",10.3,91,6.0
1924,11.4,25.0,101.93,Clear,"2012-03-21 03:00:00",9.8,90,4.0
1925,10.6,25.0,101.95,Clear,"2012-03-21 04:00:00",9.1,90,0.0
1926,10.0,25.0,102.02,Clear,"2012-03-21 05:00:00",8.8,92,0.0
1929,13.8,12.9,102.15,Clear,"2012-03-21 08:00:00",11.5,86,9.0
1930,15.9,19.3,102.17,Clear,"2012-03-21 09:00:00",11.8,77,7.0
1931,18.2,24.1,102.09,Clear,"2012-03-21 10:00:00",12.5,69,13.0
1932,20.2,24.1,102.01,Clear,"2012-03-21 11:00:00",12.3,60,15.0
1933,22.3,24.1,101.94,Clear,"2012-03-21 12:00:00",12.6,54,15.0
1934,23.8,24.1,101.85,Clear,"2012-03-21 13:00:00",12.1,48,17.0
1935,24.7,24.1,101.77,Clear,"2012-03-21 14:00:00",12.1,45,13.0
1936,25.4,48.3,101.72,Clear,"2012-03-21 15:00:00",12.0,43,17.0
1937,25.5,48.3,101.69,Clear,"2012-03-21 16:00:00",11.0,40,17.0
1938,25.2,48.3,101.68,Clear,"2012-03-21 17:00:00",10.7,40,13.0
1939,20.7,48.3,101.67,Clear,"2012-03-21 18:00:00",9.7,49,9.0
1940,17.2,25.0,101.67,Clear,"2012-03-21 19:00:00",9.1,59,6.0
1941,18.4,25.0,101.7,Clear,"2012-03-21 20:00:00",8.9,54,7.0
1942,16.4,25.0,101.68,Clear,"2012-03-21 21:00:00",9.7,65,13.0
1943,18.0,25.0,101.66,Clear,"2012-03-21 22:00:00",10.5,62,7.0
1944,16.5,25.0,101.66,Clear,"2012-03-21 23:00:00",9.5,63,7.0
1945,17.0,25.0,101.63,Clear,"2012-03-22 00:00:00",9.1,60,13.0
1946,15.5,25.0,101.62,Clear,"2012-03-22 01:00:00",8.7,64,11.0
1947,15.0,25.0,101.59,Clear,"2012-03-22 02:00:00",8.7,66,7.0
1948,11.0,25.0,101.56,Clear,"2012-03-22 03:00:00",7.4,78,9.0
1949,13.2,25.0,101.54,Clear,"2012-03-22 04:00:00",8.4,73,6.0
1950,12.8,25.0,101.59,Clear,"2012-03-22 05:00:00",8.5,75,13.0
1968,11.3,25.0,101.62,Clear,"2012-03-22 23:00:00",7.2,76,6.0
1973,9.2,25.0,101.76,Clear,"2012-03-23 04:00:00",6.3,82,7.0
1974,8.0,25.0,101.85,Clear,"2012-03-23 05:00:00",5.2,82,9.0
1975,6.6,25.0,101.9,Clear,"2012-03-23 06:00:00",2.9,77,7.0
1976,8.4,48.3,101.93,Clear,"2012-03-23 07:00:00",3.0,69,0.0
1977,11.3,48.3,101.93,Clear,"2012-03-23 08:00:00",1.8,52,0.0
1978,12.8,48.3,101.94,Clear,"2012-03-23 09:00:00",2.3,49,4.0
1979,14.5,48.3,101.93,Clear,"2012-03-23 10:00:00",0.1,37,17.0
1980,14.9,48.3,101.87,Clear,"2012-03-23 11:00:00",-3.0,29,15.0
2045,-1.1,25.0,100.74,Clear,"2012-03-26 04:00:00",-10.4,49,22.0
2046,-1.9,25.0,100.86,Clear,"2012-03-26 05:00:00",-10.9,50,20.0
2047,-3.8,24.1,101.03,Clear,"2012-03-26 06:00:00",-13.4,47,32.0
2057,1.3,48.3,101.29,Clear,"2012-03-26 16:00:00",-15.7,27,30.0
2058,1.2,48.3,101.34,Clear,"2012-03-26 17:00:00",-16.3,26,32.0
2059,0.1,48.3,101.43,Clear,"2012-03-26 18:00:00",-17.3,26,24.0
2060,-0.7,25.0,101.56,Clear,"2012-03-26 19:00:00",-18.0,26,28.0
2061,-1.4,25.0,101.68,Clear,"2012-03-26 20:00:00",-18.7,25,28.0
2062,-2.3,25.0,101.79,Clear,"2012-03-26 21:00:00",-18.4,28,24.0
2063,-2.9,25.0,101.84,Clear,"2012-03-26 22:00:00",-17.8,31,28.0
2064,-3.6,25.0,101.9,Clear,"2012-03-26 23:00:00",-17.4,33,26.0
2065,-4.3,25.0,101.94,Clear,"2012-03-27 00:00:00",-17.6,35,22.0
2066,-5.0,25.0,101.96,Clear,"2012-03-27 01:00:00",-17.7,36,19.0
2067,-5.4,25.0,102.02,Clear,"2012-03-27 02:00:00",-16.8,40,17.0
2068,-6.0,25.0,102.06,Clear,"2012-03-27 03:00:00",-17.0,41,17.0
2069,-6.5,25.0,102.14,Clear,"2012-03-27 04:00:00",-17.3,42,13.0
2070,-7.4,25.0,102.24,Clear,"2012-03-27 05:00:00",-16.4,49,11.0
2071,-7.5,48.3,102.31,Clear,"2012-03-27 06:00:00",-16.4,49,9.0
2072,-6.1,48.3,102.39,Clear,"2012-03-27 07:00:00",-17.7,39,9.0
2073,-5.1,48.3,102.41,Clear,"2012-03-27 08:00:00",-18.7,34,13.0
2074,-4.3,48.3,102.44,Clear,"2012-03-27 09:00:00",-20.3,27,9.0
2075,-2.5,48.3,102.48,Clear,"2012-03-27 10:00:00",-21.7,21,0.0
2076,-1.6,48.3,102.43,Clear,"2012-03-27 11:00:00",-20.6,22,6.0
2077,0.2,48.3,102.31,Clear,"2012-03-27 12:00:00",-16.7,27,9.0
2139,-2.2,25.0,101.22,Clear,"2012-03-30 02:00:00",-9.7,56,15.0
2142,-5.1,24.1,101.32,Clear,"2012-03-30 05:00:00",-10.4,66,11.0
2143,-4.8,48.3,101.39,Clear,"2012-03-30 06:00:00",-10.8,63,13.0
2144,-4.3,48.3,101.52,Clear,"2012-03-30 07:00:00",-10.9,60,15.0
2145,-3.0,48.3,101.56,Clear,"2012-03-30 08:00:00",-10.4,57,11.0
2146,-2.0,48.3,101.63,Clear,"2012-03-30 09:00:00",-10.1,54,13.0
2147,-0.8,48.3,101.62,Clear,"2012-03-30 10:00:00",-9.5,52,9.0
2172,4.6,48.3,101.24,Clear,"2012-03-31 11:00:00",-9.7,35,7.0
2173,6.4,48.3,101.16,Clear,"2012-03-31 12:00:00",-7.1,37,11.0
2174,6.5,48.3,101.08,Clear,"2012-03-31 13:00:00",-9.7,30,9.0
2180,5.9,25.0,100.88,Clear,"2012-03-31 19:00:00",-8.0,36,4.0
2181,4.4,25.0,100.85,Clear,"2012-03-31 20:00:00",-7.2,43,9.0
2182,2.6,25.0,100.86,Clear,"2012-03-31 21:00:00",-6.3,52,7.0
2183,2.7,25.0,100.82,Clear,"2012-03-31 22:00:00",-6.7,50,0.0
2184,1.5,25.0,100.79,Clear,"2012-03-31 23:00:00",-6.9,54,0.0
2185,0.4,25.0,100.75,Clear,"2012-04-01 00:00:00",-6.6,59,0.0
2186,-1.5,25.0,100.77,Clear,"2012-04-01 01:00:00",-7.3,65,4.0
2187,0.1,25.0,100.7,Clear,"2012-04-01 02:00:00",-6.9,59,0.0
2188,-1.0,25.0,100.67,Clear,"2012-04-01 03:00:00",-6.2,68,0.0
2211,-0.4,12.9,100.31,Clear,"2012-04-02 02:00:00",-1.8,90,0.0
2214,-1.7,25.0,100.47,Clear,"2012-04-02 05:00:00",-2.5,94,6.0
2215,-1.8,24.1,100.56,Clear,"2012-04-02 06:00:00",-3.5,88,6.0
2216,0.2,48.3,100.65,Clear,"2012-04-02 07:00:00",-2.1,84,6.0
2217,2.1,48.3,100.69,Clear,"2012-04-02 08:00:00",-4.5,62,13.0
2218,3.4,48.3,100.72,Clear,"2012-04-02 09:00:00",-7.3,45,22.0
2219,4.5,48.3,100.73,Clear,"2012-04-02 10:00:00",-8.5,38,28.0
2220,4.6,48.3,100.72,Clear,"2012-04-02 11:00:00",-7.8,40,24.0
2221,6.2,48.3,100.65,Clear,"2012-04-02 12:00:00",-7.8,36,17.0
2222,6.7,48.3,100.64,Clear,"2012-04-02 13:00:00",-7.2,36,24.0
2223,7.3,48.3,100.62,Clear,"2012-04-02 14:00:00",-8.5,32,26.0
2224,7.9,48.3,100.6,Clear,"2012-04-02 15:00:00",-10.0,27,19.0
2225,7.9,48.3,100.59,Clear,"2012-04-02 16:00:00",-12.0,23,28.0
2227,6.9,48.3,100.65,Clear,"2012-04-02 18:00:00",-13.6,22,19.0
2228,4.9,25.0,100.69,Clear,"2012-04-02 19:00:00",-12.6,27,13.0
2229,3.5,25.0,100.75,Clear,"2012-04-02 20:00:00",-13.1,28,13.0
2230,3.1,25.0,100.78,Clear,"2012-04-02 21:00:00",-13.0,30,11.0
2231,0.6,25.0,100.84,Clear,"2012-04-02 22:00:00",-12.8,36,9.0
2232,1.0,25.0,100.83,Clear,"2012-04-02 23:00:00",-12.8,35,13.0
2233,-0.3,25.0,100.84,Clear,"2012-04-03 00:00:00",-11.9,41,6.0
2234,-1.1,25.0,100.86,Clear,"2012-04-03 01:00:00",-11.4,45,9.0
2235,-0.9,25.0,100.84,Clear,"2012-04-03 02:00:00",-13.2,39,6.0
2236,-3.0,25.0,100.87,Clear,"2012-04-03 03:00:00",-12.0,50,9.0
2237,-2.1,25.0,100.92,Clear,"2012-04-03 04:00:00",-11.8,47,13.0
2238,-2.6,25.0,100.99,Clear,"2012-04-03 05:00:00",-12.4,47,6.0
2239,-2.0,48.3,101.03,Clear,"2012-04-03 06:00:00",-12.4,45,6.0
2240,0.3,48.3,101.09,Clear,"2012-04-03 07:00:00",-11.3,41,11.0
2241,1.7,48.3,101.08,Clear,"2012-04-03 08:00:00",-11.7,36,19.0
2242,2.5,48.3,101.07,Clear,"2012-04-03 09:00:00",-11.0,36,15.0
2243,4.3,48.3,100.98,Clear,"2012-04-03 10:00:00",-10.3,34,17.0
2312,0.4,48.3,101.3,Clear,"2012-04-06 07:00:00",-8.9,50,15.0
2313,1.1,48.3,101.34,Clear,"2012-04-06 08:00:00",-8.8,48,19.0
2314,2.1,48.3,101.37,Clear,"2012-04-06 09:00:00",-8.4,46,17.0
2316,5.7,48.3,101.32,Clear,"2012-04-06 11:00:00",-7.7,37,19.0
2318,7.6,48.3,101.18,Clear,"2012-04-06 13:00:00",-7.7,33,15.0
2471,6.7,25.0,101.44,Clear,"2012-04-12 22:00:00",-0.6,60,4.0
2472,5.9,25.0,101.47,Clear,"2012-04-12 23:00:00",-2.2,56,11.0
2473,4.6,25.0,101.49,Clear,"2012-04-13 00:00:00",-4.0,54,11.0
2474,4.0,25.0,101.48,Clear,"2012-04-13 01:00:00",-5.1,51,11.0
2475,2.0,25.0,101.5,Clear,"2012-04-13 02:00:00",-5.4,58,6.0
2476,1.5,25.0,101.52,Clear,"2012-04-13 03:00:00",-5.1,61,9.0
2477,1.2,25.0,101.56,Clear,"2012-04-13 04:00:00",-4.5,66,6.0
2478,1.3,48.3,101.6,Clear,"2012-04-13 05:00:00",-4.1,67,6.0
2479,1.8,48.3,101.67,Clear,"2012-04-13 06:00:00",-3.4,68,6.0
2497,7.9,25.0,101.35,Clear,"2012-04-14 00:00:00",-1.6,51,22.0
2498,7.5,25.0,101.35,Clear,"2012-04-14 01:00:00",-1.8,52,11.0
2499,6.8,25.0,101.34,Clear,"2012-04-14 02:00:00",-1.8,54,17.0
2524,11.3,25.0,100.7,Clear,"2012-04-15 03:00:00",2.3,54,15.0
2525,10.9,25.0,100.72,Clear,"2012-04-15 04:00:00",4.3,64,15.0
2526,9.9,25.0,100.72,Clear,"2012-04-15 05:00:00",4.5,69,6.0
2593,2.9,25.0,102.2,Clear,"2012-04-18 00:00:00",-5.1,56,13.0
2594,2.4,25.0,102.18,Clear,"2012-04-18 01:00:00",-5.7,55,15.0
2595,0.9,25.0,102.22,Clear,"2012-04-18 02:00:00",-6.5,58,15.0
2596,1.1,25.0,102.25,Clear,"2012-04-18 03:00:00",-7.0,55,11.0
2597,0.4,25.0,102.29,Clear,"2012-04-18 04:00:00",-7.0,58,9.0
2598,-1.0,48.3,102.34,Clear,"2012-04-18 05:00:00",-7.0,64,11.0
2599,0.9,48.3,102.41,Clear,"2012-04-18 06:00:00",-6.3,59,9.0
2600,2.5,48.3,102.44,Clear,"2012-04-18 07:00:00",-6.2,53,13.0
2601,3.3,48.3,102.43,Clear,"2012-04-18 08:00:00",-5.9,51,11.0
2602,4.5,48.3,102.41,Clear,"2012-04-18 09:00:00",-5.7,47,9.0
2603,5.3,48.3,102.36,Clear,"2012-04-18 10:00:00",-5.1,47,9.0
2604,6.9,48.3,102.24,Clear,"2012-04-18 11:00:00",-3.4,48,6.0
2618,5.5,25.0,101.42,Clear,"2012-04-19 01:00:00",-2.7,55,6.0
2619,3.3,25.0,101.33,Clear,"2012-04-19 02:00:00",-2.8,64,7.0
2638,16.1,25.0,100.72,Clear,"2012-04-19 21:00:00",4.5,46,11.0
2642,10.9,25.0,100.91,Clear,"2012-04-20 01:00:00",1.8,53,19.0
2788,3.5,25.0,100.66,Clear,"2012-04-26 03:00:00",-0.6,74,11.0
2789,2.7,25.0,100.66,Clear,"2012-04-26 04:00:00",-1.5,74,7.0
2790,2.6,24.1,100.69,Clear,"2012-04-26 05:00:00",-1.3,75,9.0
2791,3.2,48.3,100.71,Clear,"2012-04-26 06:00:00",-0.6,76,4.0
2851,7.2,48.3,101.43,Clear,"2012-04-28 18:00:00",-11.3,25,24.0
2852,6.1,48.3,101.46,Clear,"2012-04-28 19:00:00",-11.4,27,19.0
2854,2.3,25.0,101.55,Clear,"2012-04-28 21:00:00",-9.7,41,11.0
2867,5.5,48.3,101.67,Clear,"2012-04-29 10:00:00",-11.4,28,26.0
2868,6.2,48.3,101.62,Clear,"2012-04-29 11:00:00",-11.6,27,24.0
2869,7.4,48.3,101.62,Clear,"2012-04-29 12:00:00",-10.5,27,24.0
2870,8.4,48.3,101.64,Clear,"2012-04-29 13:00:00",-11.1,24,32.0
2871,8.7,48.3,101.65,Clear,"2012-04-29 14:00:00",-11.7,22,22.0
2872,9.0,48.3,101.63,Clear,"2012-04-29 15:00:00",-12.0,21,32.0
2874,9.0,48.3,101.72,Clear,"2012-04-29 17:00:00",-11.5,22,30.0
2875,8.1,48.3,101.77,Clear,"2012-04-29 18:00:00",-11.9,23,28.0
2876,6.9,48.3,101.82,Clear,"2012-04-29 19:00:00",-11.7,25,20.0
2879,5.1,25.0,102.05,Clear,"2012-04-29 22:00:00",-10.7,31,15.0
2880,4.1,25.0,102.09,Clear,"2012-04-29 23:00:00",-10.3,34,13.0
2881,3.3,25.0,102.06,Clear,"2012-04-30 00:00:00",-10.3,36,9.0
2882,2.2,25.0,102.12,Clear,"2012-04-30 01:00:00",-9.7,41,6.0
2883,3.2,25.0,102.09,Clear,"2012-04-30 02:00:00",-10.4,36,0.0
2884,2.4,25.0,102.09,Clear,"2012-04-30 03:00:00",-9.2,42,0.0
2885,0.7,25.0,102.14,Clear,"2012-04-30 04:00:00",-9.0,48,4.0
3017,16.0,48.3,101.51,Clear,"2012-05-05 16:00:00",-2.4,28,17.0
3018,15.9,48.3,101.53,Clear,"2012-05-05 17:00:00",-1.8,30,9.0
3048,11.1,25.0,101.57,Clear,"2012-05-06 23:00:00",-2.1,40,0.0
3049,9.9,25.0,101.57,Clear,"2012-05-07 00:00:00",-1.6,45,0.0
3050,6.9,25.0,101.55,Clear,"2012-05-07 01:00:00",0.3,63,0.0
3051,5.2,25.0,101.56,Clear,"2012-05-07 02:00:00",-0.8,65,4.0
3052,4.6,25.0,101.55,Clear,"2012-05-07 03:00:00",-0.4,70,4.0
3053,5.1,25.0,101.61,Clear,"2012-05-07 04:00:00",0.6,73,0.0
3054,5.7,48.3,101.6,Clear,"2012-05-07 05:00:00",0.4,69,4.0
3055,8.2,48.3,101.63,Clear,"2012-05-07 06:00:00",3.3,71,6.0
3056,12.3,48.3,101.64,Clear,"2012-05-07 07:00:00",0.6,45,4.0
3057,14.0,48.3,101.67,Clear,"2012-05-07 08:00:00",1.0,41,7.0
3058,16.0,48.3,101.68,Clear,"2012-05-07 09:00:00",-3.0,27,7.0
3059,17.1,48.3,101.67,Clear,"2012-05-07 10:00:00",-5.9,20,13.0
3070,18.7,25.0,100.87,Clear,"2012-05-07 21:00:00",-4.1,21,15.0
3163,16.8,48.3,100.87,Clear,"2012-05-11 18:00:00",-2.7,26,22.0
3164,15.1,48.3,100.95,Clear,"2012-05-11 19:00:00",-2.9,29,13.0
3165,12.1,25.0,101.04,Clear,"2012-05-11 20:00:00",-2.1,37,11.0
3166,10.2,25.0,101.1,Clear,"2012-05-11 21:00:00",-2.1,42,9.0
3167,7.7,25.0,101.15,Clear,"2012-05-11 22:00:00",-1.2,53,9.0
3168,7.8,25.0,101.19,Clear,"2012-05-11 23:00:00",-0.9,54,9.0
3169,7.1,25.0,101.19,Clear,"2012-05-12 00:00:00",-0.6,58,9.0
3170,9.8,25.0,101.22,Clear,"2012-05-12 01:00:00",-1.1,47,7.0
3171,8.5,25.0,101.23,Clear,"2012-05-12 02:00:00",-1.0,51,0.0
3172,7.0,25.0,101.28,Clear,"2012-05-12 03:00:00",-0.5,59,4.0
3173,7.9,25.0,101.35,Clear,"2012-05-12 04:00:00",-1.0,53,11.0
3174,7.3,48.3,101.37,Clear,"2012-05-12 05:00:00",-1.4,54,6.0
3175,9.4,48.3,101.42,Clear,"2012-05-12 06:00:00",-0.5,50,7.0
3176,11.1,48.3,101.45,Clear,"2012-05-12 07:00:00",2.3,55,11.0
3177,12.9,48.3,101.46,Clear,"2012-05-12 08:00:00",2.4,49,11.0
3178,14.6,48.3,101.43,Clear,"2012-05-12 09:00:00",4.5,51,13.0
3179,16.7,48.3,101.41,Clear,"2012-05-12 10:00:00",4.6,45,15.0
3211,19.7,48.3,101.47,Clear,"2012-05-13 18:00:00",5.1,38,17.0
3214,13.4,25.0,101.54,Clear,"2012-05-13 21:00:00",6.5,63,7.0
3215,12.7,25.0,101.54,Clear,"2012-05-13 22:00:00",6.4,65,7.0
3216,13.3,25.0,101.54,Clear,"2012-05-13 23:00:00",6.6,64,0.0
3217,11.8,25.0,101.53,Clear,"2012-05-14 00:00:00",6.8,71,6.0
3218,12.8,25.0,101.51,Clear,"2012-05-14 01:00:00",7.1,68,6.0
3219,12.0,25.0,101.5,Clear,"2012-05-14 02:00:00",6.9,71,4.0
3220,12.0,25.0,101.5,Clear,"2012-05-14 03:00:00",6.9,71,0.0
3263,15.9,25.0,100.75,Clear,"2012-05-15 22:00:00",13.6,86,11.0
3264,15.4,25.0,100.74,Clear,"2012-05-15 23:00:00",13.2,87,11.0
3265,14.6,25.0,100.71,Clear,"2012-05-16 00:00:00",12.6,88,4.0
3266,13.9,25.0,100.66,Clear,"2012-05-16 01:00:00",12.0,88,6.0
3267,13.9,25.0,100.6,Clear,"2012-05-16 02:00:00",12.0,88,6.0
3268,13.3,25.0,100.58,Clear,"2012-05-16 03:00:00",11.4,88,0.0
3291,8.3,25.0,101.07,Clear,"2012-05-17 02:00:00",1.6,63,15.0
3292,7.3,25.0,101.16,Clear,"2012-05-17 03:00:00",1.6,67,15.0
3293,6.6,48.3,101.24,Clear,"2012-05-17 04:00:00",1.4,69,9.0
3294,6.0,48.3,101.32,Clear,"2012-05-17 05:00:00",1.0,70,11.0
3295,8.5,48.3,101.4,Clear,"2012-05-17 06:00:00",1.9,63,9.0
3307,15.1,48.3,101.5,Clear,"2012-05-17 18:00:00",0.4,37,20.0
3308,14.1,48.3,101.54,Clear,"2012-05-17 19:00:00",0.4,39,13.0
3310,12.4,25.0,101.64,Clear,"2012-05-17 21:00:00",1.4,47,6.0
3311,10.1,25.0,101.64,Clear,"2012-05-17 22:00:00",2.1,58,0.0
3312,9.9,25.0,101.7,Clear,"2012-05-17 23:00:00",3.8,66,7.0
3314,9.9,25.0,101.73,Clear,"2012-05-18 01:00:00",2.4,60,7.0
3315,9.2,25.0,101.75,Clear,"2012-05-18 02:00:00",2.3,62,9.0
3316,8.6,25.0,101.77,Clear,"2012-05-18 03:00:00",2.0,63,11.0
3317,8.6,48.3,101.77,Clear,"2012-05-18 04:00:00",1.5,61,9.0
3334,14.4,25.0,101.62,Clear,"2012-05-18 21:00:00",5.3,54,6.0
3359,21.9,25.0,101.61,Clear,"2012-05-19 22:00:00",6.4,37,7.0
3360,18.2,25.0,101.62,Clear,"2012-05-19 23:00:00",8.8,54,4.0
3361,18.3,25.0,101.64,Clear,"2012-05-20 00:00:00",7.8,50,0.0
3362,16.9,25.0,101.64,Clear,"2012-05-20 01:00:00",8.4,57,6.0
3363,16.1,25.0,101.67,Clear,"2012-05-20 02:00:00",8.6,61,6.0
3364,16.8,25.0,101.7,Clear,"2012-05-20 03:00:00",8.6,58,9.0
3433,13.1,25.0,100.82,Clear,"2012-05-23 00:00:00",10.4,84,0.0
3453,20.4,24.1,101.16,Clear,"2012-05-23 20:00:00",10.9,54,9.0
3454,20.4,25.0,101.19,Clear,"2012-05-23 21:00:00",10.6,53,9.0
3455,19.6,25.0,101.21,Clear,"2012-05-23 22:00:00",10.3,55,7.0
3456,18.9,25.0,101.25,Clear,"2012-05-23 23:00:00",10.3,57,4.0
3457,16.4,25.0,101.28,Clear,"2012-05-24 00:00:00",10.4,68,0.0
3458,15.0,25.0,101.29,Clear,"2012-05-24 01:00:00",10.6,75,4.0
3459,12.6,25.0,101.31,Clear,"2012-05-24 02:00:00",9.7,82,6.0
3460,14.5,25.0,101.3,Clear,"2012-05-24 03:00:00",11.2,81,6.0
3461,14.0,24.1,101.32,Clear,"2012-05-24 04:00:00",10.7,80,9.0
3467,24.6,48.3,101.46,Clear,"2012-05-24 10:00:00",15.2,56,0.0
3468,26.1,24.1,101.44,Clear,"2012-05-24 11:00:00",16.7,56,9.0
3477,23.1,24.1,101.3,Clear,"2012-05-24 20:00:00",16.1,65,19.0
3478,22.4,25.0,101.31,Clear,"2012-05-24 21:00:00",15.9,67,19.0
3479,21.9,25.0,101.35,Clear,"2012-05-24 22:00:00",15.5,67,22.0
3480,21.1,25.0,101.39,Clear,"2012-05-24 23:00:00",15.2,69,19.0
3481,20.7,25.0,101.43,Clear,"2012-05-25 00:00:00",15.3,71,13.0
3482,19.7,25.0,101.4,Clear,"2012-05-25 01:00:00",15.6,77,15.0
3483,19.4,25.0,101.41,Clear,"2012-05-25 02:00:00",15.6,79,15.0
3490,23.3,24.1,101.29,Clear,"2012-05-25 09:00:00",16.1,64,20.0
3504,21.3,25.0,100.96,Clear,"2012-05-25 23:00:00",15.4,69,17.0
3505,19.8,25.0,101.0,Clear,"2012-05-26 00:00:00",14.8,73,9.0
3506,19.3,25.0,101.09,Clear,"2012-05-26 01:00:00",14.0,71,13.0
3507,18.6,25.0,101.16,Clear,"2012-05-26 02:00:00",12.3,67,11.0
3508,17.1,25.0,101.21,Clear,"2012-05-26 03:00:00",10.5,65,13.0
3509,16.4,25.0,101.28,Clear,"2012-05-26 04:00:00",10.1,66,9.0
3511,17.1,48.3,101.37,Clear,"2012-05-26 06:00:00",10.0,63,9.0
3512,18.1,48.3,101.51,Clear,"2012-05-26 07:00:00",10.8,62,9.0
3513,19.4,48.3,101.56,Clear,"2012-05-26 08:00:00",12.2,63,6.0
3514,21.1,24.1,101.56,Clear,"2012-05-26 09:00:00",12.7,59,9.0
3516,22.6,16.1,101.6,Clear,"2012-05-26 11:00:00",12.5,53,0.0
3529,15.7,25.0,101.76,Clear,"2012-05-27 00:00:00",7.1,57,6.0
3530,14.6,25.0,101.77,Clear,"2012-05-27 01:00:00",7.4,62,9.0
3610,20.5,48.3,100.08,Clear,"2012-05-30 09:00:00",10.0,51,20.0
3612,22.1,24.1,100.08,Clear,"2012-05-30 11:00:00",9.6,45,17.0
3614,23.5,48.3,100.05,Clear,"2012-05-30 13:00:00",8.1,37,30.0
3615,23.5,48.3,100.04,Clear,"2012-05-30 14:00:00",8.5,38,32.0
3617,23.7,48.3,100.0,Clear,"2012-05-30 16:00:00",8.3,37,15.0
3618,23.1,48.3,100.04,Clear,"2012-05-30 17:00:00",8.4,39,24.0
3646,12.8,25.0,101.05,Clear,"2012-05-31 21:00:00",4.2,56,9.0
3647,12.5,25.0,101.13,Clear,"2012-05-31 22:00:00",4.4,58,7.0
3648,12.8,25.0,101.18,Clear,"2012-05-31 23:00:00",4.4,57,7.0
3649,11.6,25.0,101.21,Clear,"2012-06-01 00:00:00",3.8,59,6.0
3650,11.3,25.0,101.24,Clear,"2012-06-01 01:00:00",3.6,59,7.0
3754,17.4,48.3,101.01,Clear,"2012-06-05 09:00:00",6.9,50,19.0
3795,12.8,25.0,101.04,Clear,"2012-06-07 02:00:00",9.4,80,11.0
3796,12.3,25.0,101.02,Clear,"2012-06-07 03:00:00",8.9,80,17.0
3818,15.7,25.0,100.65,Clear,"2012-06-08 01:00:00",12.9,83,7.0
3819,15.3,25.0,100.6,Clear,"2012-06-08 02:00:00",12.9,86,11.0
3838,14.1,25.0,100.41,Clear,"2012-06-08 21:00:00",8.3,68,9.0
3839,13.5,25.0,100.48,Clear,"2012-06-08 22:00:00",7.8,68,6.0
3840,12.0,25.0,100.5,Clear,"2012-06-08 23:00:00",7.6,74,9.0
3841,12.8,25.0,100.51,Clear,"2012-06-09 00:00:00",8.0,73,6.0
3842,12.9,25.0,100.53,Clear,"2012-06-09 01:00:00",8.0,72,0.0
3843,12.2,25.0,100.54,Clear,"2012-06-09 02:00:00",7.8,74,0.0
3844,11.5,25.0,100.56,Clear,"2012-06-09 03:00:00",7.3,75,0.0
3863,17.0,25.0,100.93,Clear,"2012-06-09 22:00:00",6.6,50,4.0
3866,15.6,25.0,101.07,Clear,"2012-06-10 01:00:00",9.3,66,4.0
3867,13.7,25.0,101.08,Clear,"2012-06-10 02:00:00",9.9,78,0.0
3869,12.4,25.0,101.15,Clear,"2012-06-10 04:00:00",10.3,87,4.0
3886,22.8,25.0,101.51,Clear,"2012-06-10 21:00:00",8.4,40,7.0
3888,23.0,25.0,101.5,Clear,"2012-06-10 23:00:00",8.9,41,11.0
3889,21.7,25.0,101.49,Clear,"2012-06-11 00:00:00",9.0,44,6.0
3956,20.0,48.3,101.57,Clear,"2012-06-13 19:00:00",8.5,47,17.0
3957,17.6,48.3,101.62,Clear,"2012-06-13 20:00:00",8.0,53,11.0
3958,15.1,25.0,101.7,Clear,"2012-06-13 21:00:00",8.1,63,7.0
3959,14.6,25.0,101.74,Clear,"2012-06-13 22:00:00",7.9,64,11.0
3960,15.2,25.0,101.79,Clear,"2012-06-13 23:00:00",6.2,55,11.0
3961,14.5,25.0,101.85,Clear,"2012-06-14 00:00:00",5.4,54,11.0
3962,13.4,25.0,101.88,Clear,"2012-06-14 01:00:00",5.2,58,9.0
3963,13.0,25.0,101.93,Clear,"2012-06-14 02:00:00",5.4,60,9.0
3964,12.3,25.0,101.96,Clear,"2012-06-14 03:00:00",5.3,62,13.0
3965,12.4,48.3,102.04,Clear,"2012-06-14 04:00:00",4.9,60,15.0
3966,12.4,48.3,102.14,Clear,"2012-06-14 05:00:00",5.7,64,9.0
3967,14.7,48.3,102.2,Clear,"2012-06-14 06:00:00",6.3,57,9.0
3968,16.5,48.3,102.28,Clear,"2012-06-14 07:00:00",7.5,55,13.0
3969,18.5,48.3,102.33,Clear,"2012-06-14 08:00:00",7.9,50,11.0
3970,20.0,48.3,102.32,Clear,"2012-06-14 09:00:00",5.5,39,19.0
3971,20.0,48.3,102.31,Clear,"2012-06-14 10:00:00",3.8,34,17.0
3972,21.2,48.3,102.27,Clear,"2012-06-14 11:00:00",6.5,38,9.0
3973,21.3,48.3,102.26,Clear,"2012-06-14 12:00:00",4.7,34,24.0
3974,22.2,48.3,102.22,Clear,"2012-06-14 13:00:00",5.5,34,19.0
3975,22.4,48.3,102.17,Clear,"2012-06-14 14:00:00",5.5,33,15.0
3976,22.9,48.3,102.12,Clear,"2012-06-14 15:00:00",6.7,35,11.0
3977,22.5,48.3,102.15,Clear,"2012-06-14 16:00:00",6.9,36,7.0
3978,22.9,48.3,102.17,Clear,"2012-06-14 17:00:00",6.9,36,15.0
3979,22.7,48.3,102.16,Clear,"2012-06-14 18:00:00",7.5,38,17.0
3980,22.5,48.3,102.17,Clear,"2012-06-14 19:00:00",6.5,36,13.0
3981,21.7,48.3,102.16,Clear,"2012-06-14 20:00:00",5.7,35,15.0
3982,21.0,25.0,102.16,Clear,"2012-06-14 21:00:00",6.0,38,11.0
3983,20.2,25.0,102.2,Clear,"2012-06-14 22:00:00",6.0,39,9.0
3984,19.6,25.0,102.21,Clear,"2012-06-14 23:00:00",5.8,40,6.0
3985,18.9,25.0,102.18,Clear,"2012-06-15 00:00:00",5.5,41,6.0
3986,17.1,25.0,102.17,Clear,"2012-06-15 01:00:00",6.1,48,6.0
3987,14.2,25.0,102.19,Clear,"2012-06-15 02:00:00",7.9,66,13.0
3988,13.8,25.0,102.17,Clear,"2012-06-15 03:00:00",9.1,73,13.0
3989,13.0,24.1,102.19,Clear,"2012-06-15 04:00:00",9.0,77,15.0
3990,13.3,48.3,102.27,Clear,"2012-06-15 05:00:00",8.9,75,15.0
3991,15.6,48.3,102.32,Clear,"2012-06-15 06:00:00",8.5,63,17.0
3992,16.8,48.3,102.38,Clear,"2012-06-15 07:00:00",8.8,59,19.0
4008,20.1,25.0,102.06,Clear,"2012-06-15 23:00:00",9.5,50,11.0
4009,17.5,25.0,102.05,Clear,"2012-06-16 00:00:00",9.9,61,9.0
4011,15.3,25.0,102.03,Clear,"2012-06-16 02:00:00",10.3,72,13.0
4030,20.8,25.0,101.6,Clear,"2012-06-16 21:00:00",12.3,58,0.0
4036,18.4,25.0,101.45,Clear,"2012-06-17 03:00:00",13.7,74,13.0
4083,19.1,25.0,101.11,Clear,"2012-06-19 02:00:00",14.3,74,9.0
4084,18.3,25.0,101.12,Clear,"2012-06-19 03:00:00",14.1,76,9.0
4107,24.1,25.0,100.88,Clear,"2012-06-20 02:00:00",18.3,70,24.0
4118,29.7,24.1,100.91,Clear,"2012-06-20 13:00:00",20.0,56,19.0
4119,31.7,24.1,100.83,Clear,"2012-06-20 14:00:00",20.4,51,17.0
4127,28.1,25.0,100.57,Clear,"2012-06-20 22:00:00",20.2,62,24.0
4130,25.9,25.0,100.6,Clear,"2012-06-21 01:00:00",19.6,68,22.0
4139,29.4,24.1,100.47,Clear,"2012-06-21 10:00:00",19.3,55,17.0
4147,31.1,24.1,100.06,Clear,"2012-06-21 18:00:00",18.5,47,22.0
4148,30.3,24.1,100.08,Clear,"2012-06-21 19:00:00",17.3,46,30.0
4152,26.7,25.0,100.09,Clear,"2012-06-21 23:00:00",17.7,58,17.0
4153,25.8,25.0,100.07,Clear,"2012-06-22 00:00:00",18.1,63,9.0
4197,23.5,48.3,100.88,Clear,"2012-06-23 20:00:00",5.4,31,6.0
4198,20.1,25.0,100.95,Clear,"2012-06-23 21:00:00",7.3,43,0.0
4200,18.8,25.0,101.01,Clear,"2012-06-23 23:00:00",8.5,51,0.0
4201,18.3,25.0,101.0,Clear,"2012-06-24 00:00:00",8.4,52,0.0
4202,17.6,25.0,101.02,Clear,"2012-06-24 01:00:00",8.7,56,6.0
4203,14.1,25.0,101.01,Clear,"2012-06-24 02:00:00",8.7,70,4.0
4204,14.9,25.0,101.02,Clear,"2012-06-24 03:00:00",9.1,68,0.0
4205,14.4,48.3,101.04,Clear,"2012-06-24 04:00:00",9.0,70,11.0
4206,14.0,48.3,101.04,Clear,"2012-06-24 05:00:00",9.2,73,6.0
4207,17.8,48.3,101.04,Clear,"2012-06-24 06:00:00",10.5,62,4.0
4208,20.0,48.3,101.03,Clear,"2012-06-24 07:00:00",12.2,61,7.0
4209,22.2,48.3,101.03,Clear,"2012-06-24 08:00:00",10.6,48,7.0
4210,23.2,48.3,101.0,Clear,"2012-06-24 09:00:00",12.7,52,11.0
4211,24.3,48.3,100.97,Clear,"2012-06-24 10:00:00",13.0,49,15.0
4331,25.5,48.3,99.52,Clear,"2012-06-29 10:00:00",18.3,64,26.0
4345,23.1,25.0,99.63,Clear,"2012-06-30 00:00:00",11.9,49,20.0
4346,22.6,25.0,99.68,Clear,"2012-06-30 01:00:00",11.4,49,15.0
4347,22.0,25.0,99.67,Clear,"2012-06-30 02:00:00",11.5,51,17.0
4348,21.2,25.0,99.66,Clear,"2012-06-30 03:00:00",12.3,57,17.0
4349,20.5,48.3,99.7,Clear,"2012-06-30 04:00:00",13.0,62,20.0
4418,16.7,25.0,100.84,Clear,"2012-07-03 01:00:00",10.5,67,4.0
4419,17.2,25.0,100.83,Clear,"2012-07-03 02:00:00",11.1,67,4.0
4420,16.9,25.0,100.83,Clear,"2012-07-03 03:00:00",10.4,66,0.0
4421,14.3,24.1,100.89,Clear,"2012-07-03 04:00:00",10.5,78,6.0
4422,17.6,48.3,100.84,Clear,"2012-07-03 05:00:00",10.8,64,6.0
4423,18.5,48.3,100.98,Clear,"2012-07-03 06:00:00",11.1,62,9.0
4424,20.3,48.3,100.97,Clear,"2012-07-03 07:00:00",10.3,53,6.0
4425,21.5,48.3,100.96,Clear,"2012-07-03 08:00:00",10.9,51,0.0
4463,21.1,25.0,100.31,Clear,"2012-07-04 22:00:00",16.9,77,17.0
4464,19.1,25.0,100.37,Clear,"2012-07-04 23:00:00",15.9,82,11.0
4465,17.9,25.0,100.38,Clear,"2012-07-05 00:00:00",14.8,82,9.0
4485,23.4,48.3,100.69,Clear,"2012-07-05 20:00:00",17.2,68,13.0
4486,23.1,25.0,100.76,Clear,"2012-07-05 21:00:00",17.1,69,9.0
4487,21.9,25.0,100.76,Clear,"2012-07-05 22:00:00",17.6,77,9.0
4488,20.8,25.0,100.74,Clear,"2012-07-05 23:00:00",17.6,82,7.0
4491,19.9,25.0,100.74,Clear,"2012-07-06 02:00:00",16.9,83,4.0
4492,19.1,25.0,100.76,Clear,"2012-07-06 03:00:00",16.1,83,7.0
4493,19.3,25.0,100.75,Clear,"2012-07-06 04:00:00",16.2,82,7.0
4541,16.3,24.1,100.7,Clear,"2012-07-08 04:00:00",12.2,77,7.0
4546,20.6,48.3,100.81,Clear,"2012-07-08 09:00:00",8.5,46,20.0
4547,21.6,48.3,100.82,Clear,"2012-07-08 10:00:00",7.8,41,22.0
4548,22.0,48.3,100.81,Clear,"2012-07-08 11:00:00",7.1,38,19.0
4549,23.0,48.3,100.79,Clear,"2012-07-08 12:00:00",7.8,38,24.0
4557,20.3,48.3,100.74,Clear,"2012-07-08 20:00:00",8.4,46,11.0
4558,19.8,25.0,100.8,Clear,"2012-07-08 21:00:00",8.0,46,9.0
4559,17.9,25.0,100.81,Clear,"2012-07-08 22:00:00",8.1,53,7.0
4560,17.1,25.0,100.85,Clear,"2012-07-08 23:00:00",8.4,57,9.0
4561,16.0,25.0,100.83,Clear,"2012-07-09 00:00:00",8.9,63,13.0
4562,14.4,25.0,100.84,Clear,"2012-07-09 01:00:00",9.0,70,9.0
4563,14.9,25.0,100.86,Clear,"2012-07-09 02:00:00",9.1,68,9.0
4568,17.8,48.3,101.1,Clear,"2012-07-09 07:00:00",8.7,55,11.0
4569,18.2,48.3,101.13,Clear,"2012-07-09 08:00:00",8.1,52,11.0
4570,19.2,48.3,101.13,Clear,"2012-07-09 09:00:00",7.9,48,9.0
4571,19.9,48.3,101.12,Clear,"2012-07-09 10:00:00",7.5,45,17.0
4572,21.4,48.3,101.09,Clear,"2012-07-09 11:00:00",7.9,42,20.0
4573,22.2,48.3,101.07,Clear,"2012-07-09 12:00:00",7.1,38,13.0
4581,19.5,48.3,101.02,Clear,"2012-07-09 20:00:00",7.9,47,7.0
4583,17.6,25.0,101.04,Clear,"2012-07-09 22:00:00",9.0,57,4.0
4585,18.2,25.0,101.04,Clear,"2012-07-10 00:00:00",11.2,64,7.0
4586,18.7,25.0,101.04,Clear,"2012-07-10 01:00:00",9.4,55,13.0
4587,17.0,25.0,101.06,Clear,"2012-07-10 02:00:00",9.8,63,7.0
4588,16.6,25.0,101.06,Clear,"2012-07-10 03:00:00",11.0,69,9.0
4589,16.4,24.1,101.11,Clear,"2012-07-10 04:00:00",12.4,77,11.0
4605,21.5,48.3,101.26,Clear,"2012-07-10 20:00:00",9.5,46,11.0
4607,20.2,25.0,101.37,Clear,"2012-07-10 22:00:00",6.6,41,7.0
4608,17.7,25.0,101.43,Clear,"2012-07-10 23:00:00",7.8,52,9.0
4609,18.5,25.0,101.45,Clear,"2012-07-11 00:00:00",6.5,45,7.0
4610,15.5,25.0,101.5,Clear,"2012-07-11 01:00:00",8.2,62,0.0
4611,14.9,25.0,101.52,Clear,"2012-07-11 02:00:00",8.0,63,4.0
4612,15.1,25.0,101.55,Clear,"2012-07-11 03:00:00",6.0,54,4.0
4613,13.5,24.1,101.6,Clear,"2012-07-11 04:00:00",8.6,72,4.0
4614,13.1,48.3,101.66,Clear,"2012-07-11 05:00:00",8.7,75,4.0
4615,15.4,48.3,101.71,Clear,"2012-07-11 06:00:00",9.9,70,6.0
4616,18.2,48.3,101.73,Clear,"2012-07-11 07:00:00",9.6,57,4.0
4617,20.4,48.3,101.75,Clear,"2012-07-11 08:00:00",8.9,48,4.0
4618,22.5,48.3,101.73,Clear,"2012-07-11 09:00:00",9.5,44,9.0
4632,22.8,25.0,101.5,Clear,"2012-07-11 23:00:00",11.8,50,17.0
4633,21.8,25.0,101.5,Clear,"2012-07-12 00:00:00",12.8,57,11.0
4634,18.5,25.0,101.5,Clear,"2012-07-12 01:00:00",13.3,72,6.0
4635,20.6,25.0,101.49,Clear,"2012-07-12 02:00:00",12.9,61,6.0
4636,20.6,25.0,101.5,Clear,"2012-07-12 03:00:00",12.5,60,11.0
4661,20.8,24.1,101.49,Clear,"2012-07-13 04:00:00",14.6,68,13.0
4672,31.9,48.3,101.46,Clear,"2012-07-13 15:00:00",12.3,30,22.0
4673,31.6,48.3,101.4,Clear,"2012-07-13 16:00:00",11.8,30,22.0
4675,30.9,48.3,101.33,Clear,"2012-07-13 18:00:00",14.5,37,13.0
4679,26.6,25.0,101.37,Clear,"2012-07-13 22:00:00",16.4,54,9.0
4680,26.0,25.0,101.38,Clear,"2012-07-13 23:00:00",16.2,55,7.0
4681,25.2,25.0,101.38,Clear,"2012-07-14 00:00:00",16.6,59,11.0
4682,25.0,25.0,101.37,Clear,"2012-07-14 01:00:00",15.4,55,15.0
4683,24.2,25.0,101.34,Clear,"2012-07-14 02:00:00",15.6,59,11.0
4684,23.3,25.0,101.35,Clear,"2012-07-14 03:00:00",15.3,61,13.0
4685,23.1,24.1,101.4,Clear,"2012-07-14 04:00:00",15.4,62,15.0
4702,28.3,25.0,101.28,Clear,"2012-07-14 21:00:00",18.8,56,9.0
4703,27.8,25.0,101.29,Clear,"2012-07-14 22:00:00",18.3,56,11.0
4704,26.0,25.0,101.31,Clear,"2012-07-14 23:00:00",19.2,66,9.0
4705,25.5,25.0,101.32,Clear,"2012-07-15 00:00:00",18.9,67,7.0
4706,25.2,25.0,101.29,Clear,"2012-07-15 01:00:00",18.7,67,9.0
4708,24.1,25.0,101.26,Clear,"2012-07-15 03:00:00",18.6,71,11.0
4780,19.3,25.0,100.33,Clear,"2012-07-18 03:00:00",17.2,88,9.0
4798,19.4,25.0,101.06,Clear,"2012-07-18 21:00:00",9.9,54,11.0
4799,17.5,25.0,101.06,Clear,"2012-07-18 22:00:00",10.3,63,11.0
4800,15.7,25.0,101.09,Clear,"2012-07-18 23:00:00",10.7,72,7.0
4801,14.4,25.0,101.14,Clear,"2012-07-19 00:00:00",10.9,79,4.0
4802,14.2,25.0,101.11,Clear,"2012-07-19 01:00:00",11.1,82,7.0
4803,14.6,25.0,101.11,Clear,"2012-07-19 02:00:00",10.6,77,6.0
4804,13.8,25.0,101.09,Clear,"2012-07-19 03:00:00",10.5,80,7.0
4808,16.7,48.3,101.27,Clear,"2012-07-19 07:00:00",9.7,63,11.0
4825,17.2,25.0,101.45,Clear,"2012-07-20 00:00:00",9.3,60,11.0
4826,16.0,25.0,101.48,Clear,"2012-07-20 01:00:00",9.5,65,15.0
4827,14.6,25.0,101.46,Clear,"2012-07-20 02:00:00",9.8,73,11.0
4828,14.2,25.0,101.44,Clear,"2012-07-20 03:00:00",9.8,75,11.0
4829,14.4,48.3,101.49,Clear,"2012-07-20 04:00:00",9.3,71,11.0
4830,14.5,48.3,101.51,Clear,"2012-07-20 05:00:00",9.3,71,13.0
4846,19.6,25.0,101.36,Clear,"2012-07-20 21:00:00",12.0,61,0.0
4847,18.1,25.0,101.37,Clear,"2012-07-20 22:00:00",12.3,69,0.0
4848,18.2,25.0,101.36,Clear,"2012-07-20 23:00:00",12.3,68,0.0
4849,17.2,25.0,101.4,Clear,"2012-07-21 00:00:00",12.6,74,4.0
4850,17.2,25.0,101.4,Clear,"2012-07-21 01:00:00",12.4,73,0.0
4851,15.1,25.0,101.39,Clear,"2012-07-21 02:00:00",12.4,84,0.0
4852,14.0,25.0,101.37,Clear,"2012-07-21 03:00:00",12.3,89,0.0
4853,14.6,24.1,101.4,Clear,"2012-07-21 04:00:00",12.9,90,0.0
4854,14.5,48.3,101.38,Clear,"2012-07-21 05:00:00",12.5,88,4.0
4855,16.9,48.3,101.4,Clear,"2012-07-21 06:00:00",13.7,81,4.0
4856,20.0,48.3,101.43,Clear,"2012-07-21 07:00:00",15.0,73,0.0
4895,25.8,25.0,101.01,Clear,"2012-07-22 22:00:00",17.4,60,11.0
4944,18.0,25.0,100.5,Clear,"2012-07-24 23:00:00",12.5,70,17.0
4945,16.6,25.0,100.55,Clear,"2012-07-25 00:00:00",12.4,76,11.0
4946,15.8,25.0,100.56,Clear,"2012-07-25 01:00:00",12.0,78,4.0
4947,15.4,25.0,100.59,Clear,"2012-07-25 02:00:00",12.5,83,9.0
4948,15.4,25.0,100.65,Clear,"2012-07-25 03:00:00",12.5,83,11.0
4949,14.5,25.0,100.69,Clear,"2012-07-25 04:00:00",12.2,86,7.0
4950,13.8,24.1,100.71,Clear,"2012-07-25 05:00:00",12.1,89,7.0
4951,16.2,24.1,100.76,Clear,"2012-07-25 06:00:00",13.2,82,11.0
4952,17.5,24.1,100.81,Clear,"2012-07-25 07:00:00",12.2,71,13.0
4953,18.8,24.1,100.8,Clear,"2012-07-25 08:00:00",12.8,68,13.0
4954,19.6,48.3,100.79,Clear,"2012-07-25 09:00:00",12.9,65,11.0
4955,21.1,48.3,100.88,Clear,"2012-07-25 10:00:00",12.6,58,11.0
5041,18.5,25.0,101.18,Clear,"2012-07-29 00:00:00",13.7,74,9.0
5042,18.4,25.0,101.16,Clear,"2012-07-29 01:00:00",13.7,74,13.0
5043,17.7,25.0,101.16,Clear,"2012-07-29 02:00:00",12.9,73,15.0
5064,21.2,25.0,101.18,Clear,"2012-07-29 23:00:00",18.6,85,4.0
5067,20.6,25.0,101.15,Clear,"2012-07-30 02:00:00",18.6,88,6.0
5068,20.5,25.0,101.13,Clear,"2012-07-30 03:00:00",18.3,87,4.0
5073,22.4,48.3,101.31,Clear,"2012-07-30 08:00:00",16.7,70,7.0
5086,24.3,25.0,101.0,Clear,"2012-07-30 21:00:00",16.9,63,11.0
5087,23.8,25.0,101.0,Clear,"2012-07-30 22:00:00",17.6,68,9.0
5092,20.1,25.0,101.02,Clear,"2012-07-31 03:00:00",16.1,78,13.0
5096,22.6,48.3,101.03,Clear,"2012-07-31 07:00:00",18.2,76,9.0
5097,24.2,48.3,101.02,Clear,"2012-07-31 08:00:00",18.5,71,9.0
5114,21.0,25.0,100.54,Clear,"2012-08-01 01:00:00",19.6,92,4.0
5142,21.3,24.1,100.55,Clear,"2012-08-02 05:00:00",19.6,90,7.0
5143,21.7,48.3,100.55,Clear,"2012-08-02 06:00:00",19.6,88,15.0
5169,24.1,24.1,100.87,Clear,"2012-08-03 08:00:00",18.5,71,13.0
5178,28.0,48.3,101.14,Clear,"2012-08-03 17:00:00",16.0,48,20.0
5179,27.2,48.3,101.18,Clear,"2012-08-03 18:00:00",16.1,51,11.0
5180,25.5,48.3,101.24,Clear,"2012-08-03 19:00:00",15.6,54,7.0
5181,23.9,24.1,101.31,Clear,"2012-08-03 20:00:00",15.7,60,6.0
5182,22.0,25.0,101.39,Clear,"2012-08-03 21:00:00",15.9,68,6.0
5183,23.3,25.0,101.42,Clear,"2012-08-03 22:00:00",15.3,61,9.0
5184,23.1,25.0,101.49,Clear,"2012-08-03 23:00:00",15.2,61,4.0
5185,21.3,25.0,101.51,Clear,"2012-08-04 00:00:00",15.3,69,9.0
5196,28.3,24.1,101.69,Clear,"2012-08-04 11:00:00",18.0,54,17.0
5197,30.1,25.0,101.62,Clear,"2012-08-04 12:00:00",19.2,52,9.0
5198,31.2,24.1,101.56,Clear,"2012-08-04 13:00:00",18.1,46,11.0
5199,32.0,24.1,101.48,Clear,"2012-08-04 14:00:00",18.3,44,17.0
5200,32.8,24.1,101.39,Clear,"2012-08-04 15:00:00",18.8,44,17.0
5201,32.5,24.1,101.34,Clear,"2012-08-04 16:00:00",18.5,44,15.0
5202,32.5,24.1,101.32,Clear,"2012-08-04 17:00:00",19.8,47,13.0
5205,29.2,24.1,101.23,Clear,"2012-08-04 20:00:00",18.7,53,19.0
5208,26.2,25.0,101.27,Clear,"2012-08-04 23:00:00",18.6,63,17.0
5209,25.7,25.0,101.24,Clear,"2012-08-05 00:00:00",19.0,67,19.0
5210,25.1,25.0,101.19,Clear,"2012-08-05 01:00:00",19.2,70,19.0
5211,24.2,25.0,101.16,Clear,"2012-08-05 02:00:00",19.3,74,19.0
5232,23.1,25.0,100.58,Clear,"2012-08-05 23:00:00",17.4,70,30.0
5233,21.7,25.0,100.67,Clear,"2012-08-06 00:00:00",13.7,60,24.0
5235,19.6,25.0,100.77,Clear,"2012-08-06 02:00:00",13.7,69,22.0
5236,18.7,25.0,100.79,Clear,"2012-08-06 03:00:00",13.2,70,22.0
5237,17.7,25.0,100.86,Clear,"2012-08-06 04:00:00",13.3,75,13.0
5238,16.6,48.3,100.95,Clear,"2012-08-06 05:00:00",13.3,81,9.0
5239,18.0,48.3,101.01,Clear,"2012-08-06 06:00:00",13.8,76,13.0
5252,21.6,48.3,101.02,Clear,"2012-08-06 19:00:00",12.8,57,9.0
5253,22.1,25.0,101.03,Clear,"2012-08-06 20:00:00",13.5,58,9.0
5254,21.7,25.0,101.03,Clear,"2012-08-06 21:00:00",14.5,64,9.0
5255,20.1,25.0,101.04,Clear,"2012-08-06 22:00:00",15.6,75,13.0
5256,20.6,25.0,101.05,Clear,"2012-08-06 23:00:00",15.1,71,11.0
5257,19.6,25.0,101.04,Clear,"2012-08-07 00:00:00",16.0,80,13.0
5258,19.3,25.0,101.02,Clear,"2012-08-07 01:00:00",15.6,79,17.0
5259,18.9,25.0,100.99,Clear,"2012-08-07 02:00:00",14.8,77,19.0
5260,18.2,25.0,100.96,Clear,"2012-08-07 03:00:00",15.3,83,13.0
5261,18.5,25.0,100.95,Clear,"2012-08-07 04:00:00",15.5,83,11.0
5262,16.6,48.3,100.99,Clear,"2012-08-07 05:00:00",15.0,90,7.0
5263,17.9,48.3,101.02,Clear,"2012-08-07 06:00:00",15.3,85,6.0
5284,17.4,12.9,100.92,Clear,"2012-08-08 03:00:00",17.1,98,4.0
5285,17.2,16.1,100.97,Clear,"2012-08-08 04:00:00",16.9,98,4.0
5287,18.1,24.1,101.03,Clear,"2012-08-08 06:00:00",17.3,95,0.0
5288,19.3,48.3,101.09,Clear,"2012-08-08 07:00:00",17.4,89,6.0
5401,21.3,25.0,100.68,Clear,"2012-08-13 00:00:00",17.3,78,22.0
5402,20.9,25.0,100.68,Clear,"2012-08-13 01:00:00",17.5,81,15.0
5470,20.4,25.0,100.7,Clear,"2012-08-15 21:00:00",15.9,75,6.0
5473,18.9,25.0,100.76,Clear,"2012-08-16 00:00:00",16.2,84,9.0
5491,24.9,24.1,100.49,Clear,"2012-08-16 18:00:00",14.4,52,7.0
5498,21.1,25.0,100.47,Clear,"2012-08-17 01:00:00",17.3,79,11.0
5499,18.9,25.0,100.44,Clear,"2012-08-17 02:00:00",16.5,86,4.0
5500,18.7,25.0,100.37,Clear,"2012-08-17 03:00:00",16.3,86,0.0
5502,17.6,25.0,100.3,Clear,"2012-08-17 05:00:00",15.3,86,7.0
5522,17.7,25.0,100.51,Clear,"2012-08-18 01:00:00",11.3,66,9.0
5541,18.6,25.0,100.88,Clear,"2012-08-18 20:00:00",7.9,50,7.0
5542,15.9,25.0,100.88,Clear,"2012-08-18 21:00:00",8.6,62,6.0
5544,16.6,25.0,100.91,Clear,"2012-08-18 23:00:00",10.2,66,0.0
5545,16.0,25.0,100.96,Clear,"2012-08-19 00:00:00",11.5,75,9.0
5546,16.6,25.0,100.98,Clear,"2012-08-19 01:00:00",9.9,65,13.0
5547,16.3,25.0,100.96,Clear,"2012-08-19 02:00:00",11.2,72,13.0
5548,15.8,25.0,100.94,Clear,"2012-08-19 03:00:00",11.2,74,11.0
5549,13.3,25.0,100.94,Clear,"2012-08-19 04:00:00",10.9,85,7.0
5553,17.5,48.3,101.06,Clear,"2012-08-19 08:00:00",13.3,76,15.0
5567,17.6,25.0,100.79,Clear,"2012-08-19 22:00:00",11.6,68,0.0
5571,15.3,25.0,100.75,Clear,"2012-08-20 02:00:00",13.5,89,0.0
5578,20.2,48.3,100.78,Clear,"2012-08-20 09:00:00",13.9,67,11.0
5585,24.4,24.1,100.56,Clear,"2012-08-20 16:00:00",10.4,41,13.0
5589,18.4,25.0,100.75,Clear,"2012-08-20 20:00:00",9.4,56,9.0
5632,25.7,48.3,101.33,Clear,"2012-08-22 15:00:00",10.9,39,20.0
5638,22.5,25.0,101.29,Clear,"2012-08-22 21:00:00",14.2,59,15.0
5648,20.3,24.1,101.37,Clear,"2012-08-23 07:00:00",15.9,76,19.0
5661,21.8,25.0,101.41,Clear,"2012-08-23 20:00:00",16.1,70,7.0
5673,20.7,24.1,101.8,Clear,"2012-08-24 08:00:00",13.0,61,7.0
5699,26.4,48.3,101.97,Clear,"2012-08-25 10:00:00",16.6,55,7.0
5702,30.1,48.3,101.84,Clear,"2012-08-25 13:00:00",16.7,45,11.0
5710,25.3,25.0,101.76,Clear,"2012-08-25 21:00:00",17.1,60,11.0
5711,23.9,25.0,101.8,Clear,"2012-08-25 22:00:00",17.3,67,9.0
5712,24.0,25.0,101.83,Clear,"2012-08-25 23:00:00",18.0,69,9.0
5713,22.1,25.0,101.85,Clear,"2012-08-26 00:00:00",18.0,78,11.0
5714,22.4,25.0,101.89,Clear,"2012-08-26 01:00:00",18.4,78,6.0
5715,23.4,25.0,101.9,Clear,"2012-08-26 02:00:00",16.9,67,7.0
5716,23.5,25.0,101.91,Clear,"2012-08-26 03:00:00",16.9,66,15.0
5717,23.2,25.0,101.95,Clear,"2012-08-26 04:00:00",16.9,68,7.0
5718,21.2,24.1,102.02,Clear,"2012-08-26 05:00:00",16.9,76,6.0
5719,20.9,24.1,102.06,Clear,"2012-08-26 06:00:00",17.2,79,0.0
5720,22.9,24.1,102.1,Clear,"2012-08-26 07:00:00",17.1,70,9.0
5785,12.0,25.0,101.06,Clear,"2012-08-29 00:00:00",8.2,78,7.0
5788,11.0,25.0,101.06,Clear,"2012-08-29 03:00:00",7.7,80,9.0
5789,10.5,25.0,101.06,Clear,"2012-08-29 04:00:00",7.6,82,7.0
5790,10.5,48.3,101.07,Clear,"2012-08-29 05:00:00",7.9,84,7.0
5791,12.0,48.3,101.1,Clear,"2012-08-29 06:00:00",8.9,81,9.0
5792,16.0,48.3,101.13,Clear,"2012-08-29 07:00:00",8.1,59,19.0
5793,18.0,48.3,101.13,Clear,"2012-08-29 08:00:00",7.4,50,20.0
5794,19.6,48.3,101.11,Clear,"2012-08-29 09:00:00",7.9,47,22.0
5795,20.7,48.3,101.09,Clear,"2012-08-29 10:00:00",8.1,44,20.0
5796,21.9,48.3,101.07,Clear,"2012-08-29 11:00:00",8.5,42,22.0
5798,23.5,48.3,100.98,Clear,"2012-08-29 13:00:00",7.9,37,32.0
5799,24.7,48.3,100.92,Clear,"2012-08-29 14:00:00",8.3,35,20.0
5803,22.5,48.3,100.87,Clear,"2012-08-29 18:00:00",6.9,36,19.0
5804,21.7,48.3,100.89,Clear,"2012-08-29 19:00:00",6.7,38,15.0
5805,19.7,25.0,100.92,Clear,"2012-08-29 20:00:00",7.1,44,9.0
5806,19.7,25.0,100.93,Clear,"2012-08-29 21:00:00",7.3,45,15.0
5807,19.5,25.0,100.93,Clear,"2012-08-29 22:00:00",8.7,50,22.0
5808,18.3,25.0,100.97,Clear,"2012-08-29 23:00:00",9.9,58,20.0
5809,17.5,25.0,100.96,Clear,"2012-08-30 00:00:00",10.6,64,19.0
5810,17.0,25.0,100.92,Clear,"2012-08-30 01:00:00",11.5,70,11.0
5813,15.1,25.0,100.96,Clear,"2012-08-30 04:00:00",11.8,81,15.0
5833,23.4,25.0,100.55,Clear,"2012-08-31 00:00:00",14.5,57,33.0
5856,20.8,25.0,100.84,Clear,"2012-08-31 23:00:00",12.9,61,11.0
5861,16.3,25.0,101.21,Clear,"2012-09-01 04:00:00",12.8,80,11.0
5866,20.4,48.3,101.59,Clear,"2012-09-01 09:00:00",8.8,47,15.0
5867,22.0,48.3,101.6,Clear,"2012-09-01 10:00:00",8.5,42,20.0
5869,23.2,48.3,101.57,Clear,"2012-09-01 12:00:00",7.0,35,13.0
5870,23.6,48.3,101.54,Clear,"2012-09-01 13:00:00",7.0,34,6.0
5871,23.5,48.3,101.47,Clear,"2012-09-01 14:00:00",6.7,34,7.0
5872,24.3,48.3,101.44,Clear,"2012-09-01 15:00:00",7.3,34,7.0
5873,24.2,48.3,101.43,Clear,"2012-09-01 16:00:00",7.0,33,4.0
5874,24.0,48.3,101.39,Clear,"2012-09-01 17:00:00",6.6,33,7.0
5875,22.7,48.3,101.41,Clear,"2012-09-01 18:00:00",8.4,40,9.0
5876,20.9,48.3,101.45,Clear,"2012-09-01 19:00:00",8.3,44,6.0
5877,18.8,25.0,101.46,Clear,"2012-09-01 20:00:00",9.9,56,11.0
5878,18.5,25.0,101.47,Clear,"2012-09-01 21:00:00",7.6,49,7.0
5879,17.5,25.0,101.46,Clear,"2012-09-01 22:00:00",9.2,58,6.0
5881,16.1,25.0,101.47,Clear,"2012-09-02 00:00:00",9.0,63,4.0
5882,14.0,25.0,101.47,Clear,"2012-09-02 01:00:00",9.3,73,4.0
5883,13.5,25.0,101.47,Clear,"2012-09-02 02:00:00",9.5,77,4.0
5901,21.2,25.0,101.52,Clear,"2012-09-02 20:00:00",8.5,44,9.0
5904,18.7,25.0,101.57,Clear,"2012-09-02 23:00:00",9.8,56,4.0
5905,17.5,25.0,101.6,Clear,"2012-09-03 00:00:00",10.2,62,7.0
5909,13.4,25.0,101.63,Clear,"2012-09-03 04:00:00",11.0,85,6.0
5997,22.5,25.0,100.47,Clear,"2012-09-06 20:00:00",16.8,70,11.0
6001,18.1,24.1,100.62,Clear,"2012-09-07 00:00:00",14.8,81,4.0
6002,18.7,25.0,100.62,Clear,"2012-09-07 01:00:00",14.5,77,4.0
6004,18.5,25.0,100.68,Clear,"2012-09-07 03:00:00",14.5,78,6.0
6005,18.3,25.0,100.68,Clear,"2012-09-07 04:00:00",14.2,77,6.0
6054,11.5,25.0,100.44,Clear,"2012-09-09 05:00:00",9.5,88,11.0
6093,10.9,25.0,101.54,Clear,"2012-09-10 20:00:00",5.7,70,7.0
6094,9.8,25.0,101.55,Clear,"2012-09-10 21:00:00",6.0,77,6.0
6095,9.7,25.0,101.56,Clear,"2012-09-10 22:00:00",5.9,77,7.0
6096,9.3,25.0,101.56,Clear,"2012-09-10 23:00:00",6.4,82,7.0
6097,8.4,25.0,101.57,Clear,"2012-09-11 00:00:00",6.2,86,9.0
6098,8.4,25.0,101.58,Clear,"2012-09-11 01:00:00",6.3,87,9.0
6099,8.4,25.0,101.6,Clear,"2012-09-11 02:00:00",6.9,90,9.0
6100,9.1,25.0,101.64,Clear,"2012-09-11 03:00:00",7.3,88,7.0
6101,9.2,25.0,101.7,Clear,"2012-09-11 04:00:00",6.8,85,4.0
6102,6.9,25.0,101.75,Clear,"2012-09-11 05:00:00",5.6,91,0.0
6118,19.1,25.0,101.76,Clear,"2012-09-11 21:00:00",12.9,67,15.0
6119,18.4,25.0,101.78,Clear,"2012-09-11 22:00:00",12.0,66,17.0
6120,17.8,25.0,101.8,Clear,"2012-09-11 23:00:00",11.9,68,15.0
6121,17.5,25.0,101.82,Clear,"2012-09-12 00:00:00",10.6,64,17.0
6122,17.2,25.0,101.85,Clear,"2012-09-12 01:00:00",9.9,62,11.0
6123,14.5,25.0,101.86,Clear,"2012-09-12 02:00:00",9.6,72,6.0
6124,13.2,25.0,101.9,Clear,"2012-09-12 03:00:00",9.9,80,4.0
6125,13.7,25.0,101.91,Clear,"2012-09-12 04:00:00",10.0,78,0.0
6126,13.1,25.0,101.96,Clear,"2012-09-12 05:00:00",10.7,85,6.0
6127,13.5,48.3,102.02,Clear,"2012-09-12 06:00:00",11.2,86,0.0
6128,15.8,48.3,102.02,Clear,"2012-09-12 07:00:00",11.8,77,9.0
6129,17.4,48.3,102.04,Clear,"2012-09-12 08:00:00",11.1,66,7.0
6130,19.6,48.3,102.05,Clear,"2012-09-12 09:00:00",11.9,61,7.0
6132,23.9,48.3,101.98,Clear,"2012-09-12 11:00:00",13.3,51,20.0
6142,22.2,25.0,101.91,Clear,"2012-09-12 21:00:00",13.2,57,11.0
6148,15.7,25.0,101.96,Clear,"2012-09-13 03:00:00",13.1,85,9.0
6149,15.5,25.0,101.96,Clear,"2012-09-13 04:00:00",12.8,84,11.0
6150,14.9,25.0,102.0,Clear,"2012-09-13 05:00:00",11.8,82,4.0
6165,23.2,25.0,101.74,Clear,"2012-09-13 20:00:00",15.7,63,11.0
6168,20.7,25.0,101.72,Clear,"2012-09-13 23:00:00",15.3,71,13.0
6169,19.5,25.0,101.72,Clear,"2012-09-14 00:00:00",15.5,78,9.0
6170,16.6,25.0,101.71,Clear,"2012-09-14 01:00:00",14.9,90,0.0
6171,18.2,25.0,101.69,Clear,"2012-09-14 02:00:00",14.8,81,4.0
6172,16.4,25.0,101.67,Clear,"2012-09-14 03:00:00",14.2,87,6.0
6173,15.9,25.0,101.66,Clear,"2012-09-14 04:00:00",13.7,87,9.0
6215,8.5,25.0,101.51,Clear,"2012-09-15 22:00:00",5.7,83,7.0
6216,7.9,25.0,101.5,Clear,"2012-09-15 23:00:00",5.6,85,9.0
6217,6.6,25.0,101.52,Clear,"2012-09-16 00:00:00",5.0,90,7.0
6218,6.1,25.0,101.49,Clear,"2012-09-16 01:00:00",5.2,94,9.0
6219,6.5,25.0,101.46,Clear,"2012-09-16 02:00:00",5.6,94,6.0
6220,6.7,25.0,101.44,Clear,"2012-09-16 03:00:00",5.6,93,7.0
6221,7.3,25.0,101.43,Clear,"2012-09-16 04:00:00",6.2,93,9.0
6222,4.9,25.0,101.45,Clear,"2012-09-16 05:00:00",4.6,98,9.0
6223,5.8,48.3,101.53,Clear,"2012-09-16 06:00:00",4.9,94,9.0
6224,8.7,48.3,101.55,Clear,"2012-09-16 07:00:00",6.5,86,9.0
6225,11.7,48.3,101.58,Clear,"2012-09-16 08:00:00",4.5,61,9.0
6232,16.7,48.3,101.25,Clear,"2012-09-16 15:00:00",3.6,42,19.0
6233,16.6,48.3,101.2,Clear,"2012-09-16 16:00:00",3.0,40,15.0
6234,16.6,48.3,101.17,Clear,"2012-09-16 17:00:00",3.6,42,20.0
6235,15.5,48.3,101.16,Clear,"2012-09-16 18:00:00",3.2,44,11.0
6237,12.5,25.0,101.18,Clear,"2012-09-16 20:00:00",4.6,59,6.0
6238,12.8,25.0,101.18,Clear,"2012-09-16 21:00:00",5.4,61,6.0
6239,13.1,25.0,101.2,Clear,"2012-09-16 22:00:00",5.4,60,6.0
6240,12.1,25.0,101.21,Clear,"2012-09-16 23:00:00",5.6,64,6.0
6241,11.5,25.0,101.2,Clear,"2012-09-17 00:00:00",8.6,82,4.0
6242,10.1,25.0,101.21,Clear,"2012-09-17 01:00:00",8.4,89,4.0
6243,10.1,25.0,101.18,Clear,"2012-09-17 02:00:00",7.8,86,6.0
6255,24.6,24.1,100.95,Clear,"2012-09-17 14:00:00",12.6,47,15.0
6256,25.2,24.1,100.9,Clear,"2012-09-17 15:00:00",10.8,40,15.0
6258,24.4,24.1,100.87,Clear,"2012-09-17 17:00:00",12.2,46,13.0
6267,16.6,25.0,100.75,Clear,"2012-09-18 02:00:00",12.1,75,9.0
6307,10.6,48.3,101.68,Clear,"2012-09-19 18:00:00",2.1,56,11.0
6308,10.0,25.0,101.75,Clear,"2012-09-19 19:00:00",2.5,60,4.0
6309,8.8,25.0,101.81,Clear,"2012-09-19 20:00:00",3.2,68,4.0
6310,9.5,25.0,101.83,Clear,"2012-09-19 21:00:00",2.7,62,0.0
6311,8.5,25.0,101.85,Clear,"2012-09-19 22:00:00",2.7,67,0.0
6312,9.8,25.0,101.88,Clear,"2012-09-19 23:00:00",3.1,63,4.0
6313,7.2,25.0,101.88,Clear,"2012-09-20 00:00:00",4.5,83,7.0
6314,8.4,25.0,101.92,Clear,"2012-09-20 01:00:00",4.0,74,6.0
6315,9.0,25.0,101.89,Clear,"2012-09-20 02:00:00",4.0,71,7.0
6316,8.0,25.0,101.91,Clear,"2012-09-20 03:00:00",4.8,80,4.0
6317,8.3,25.0,101.91,Clear,"2012-09-20 04:00:00",5.7,84,9.0
6318,7.7,25.0,101.95,Clear,"2012-09-20 05:00:00",6.5,92,6.0
6319,7.7,48.3,101.97,Clear,"2012-09-20 06:00:00",6.5,92,6.0
6320,9.6,48.3,101.95,Clear,"2012-09-20 07:00:00",6.9,83,9.0
6321,11.7,48.3,101.94,Clear,"2012-09-20 08:00:00",7.6,76,7.0
6322,12.8,48.3,101.85,Clear,"2012-09-20 09:00:00",7.6,71,15.0
6323,15.2,48.3,101.76,Clear,"2012-09-20 10:00:00",7.4,60,20.0
6324,16.2,48.3,101.65,Clear,"2012-09-20 11:00:00",6.9,54,19.0
6325,17.6,48.3,101.56,Clear,"2012-09-20 12:00:00",7.3,51,15.0
6328,19.1,48.3,101.39,Clear,"2012-09-20 15:00:00",7.5,47,20.0
6329,18.7,48.3,101.31,Clear,"2012-09-20 16:00:00",7.7,49,24.0
6330,18.0,48.3,101.31,Clear,"2012-09-20 17:00:00",7.9,52,26.0
6331,16.6,48.3,101.26,Clear,"2012-09-20 18:00:00",7.9,56,19.0
6332,16.2,25.0,101.27,Clear,"2012-09-20 19:00:00",7.9,58,24.0
6334,15.4,25.0,101.25,Clear,"2012-09-20 21:00:00",7.9,61,20.0
6335,13.4,25.0,101.25,Clear,"2012-09-20 22:00:00",8.5,72,15.0
6411,6.9,25.0,101.37,Clear,"2012-09-24 02:00:00",5.1,88,0.0
6412,5.7,25.0,101.38,Clear,"2012-09-24 03:00:00",4.7,93,0.0
6452,16.6,25.0,101.02,Clear,"2012-09-25 19:00:00",10.5,67,11.0
6484,6.3,25.0,101.63,Clear,"2012-09-27 03:00:00",4.9,91,9.0
6485,5.1,25.0,101.69,Clear,"2012-09-27 04:00:00",4.1,93,11.0
6486,6.0,25.0,101.76,Clear,"2012-09-27 05:00:00",4.6,91,7.0
6487,6.4,48.3,101.86,Clear,"2012-09-27 06:00:00",4.3,86,0.0
6488,7.5,48.3,101.91,Clear,"2012-09-27 07:00:00",5.3,86,0.0
6489,9.0,48.3,101.99,Clear,"2012-09-27 08:00:00",5.6,79,11.0
6500,10.6,25.0,102.0,Clear,"2012-09-27 19:00:00",4.4,65,0.0
6502,9.4,25.0,102.01,Clear,"2012-09-27 21:00:00",5.5,77,7.0
6503,9.3,25.0,101.99,Clear,"2012-09-27 22:00:00",4.8,73,4.0
6504,9.2,25.0,101.98,Clear,"2012-09-27 23:00:00",4.6,73,4.0
6505,9.2,25.0,101.96,Clear,"2012-09-28 00:00:00",4.0,70,6.0
6508,7.2,25.0,101.92,Clear,"2012-09-28 03:00:00",4.9,85,9.0
6509,6.0,25.0,101.91,Clear,"2012-09-28 04:00:00",5.3,95,9.0
6605,12.0,19.3,100.85,Clear,"2012-10-02 04:00:00",11.9,99,6.0
6623,14.2,25.0,101.28,Clear,"2012-10-02 22:00:00",12.9,92,4.0
6624,11.4,25.0,101.31,Clear,"2012-10-02 23:00:00",10.9,97,4.0
6625,11.9,25.0,101.3,Clear,"2012-10-03 00:00:00",11.7,99,4.0
6626,11.3,25.0,101.33,Clear,"2012-10-03 01:00:00",11.0,98,4.0
6627,11.3,25.0,101.32,Clear,"2012-10-03 02:00:00",11.2,99,7.0
6628,11.6,25.0,101.33,Clear,"2012-10-03 03:00:00",11.4,99,7.0
6629,11.5,25.0,101.37,Clear,"2012-10-03 04:00:00",11.2,98,7.0
6675,15.7,16.1,100.92,Clear,"2012-10-05 02:00:00",12.7,82,17.0
6676,14.7,19.3,100.94,Clear,"2012-10-05 03:00:00",12.6,87,17.0
6677,14.4,19.3,100.96,Clear,"2012-10-05 04:00:00",12.6,89,13.0
6678,13.8,19.3,100.96,Clear,"2012-10-05 05:00:00",12.6,92,17.0
6725,5.3,25.0,101.09,Clear,"2012-10-07 04:00:00",3.7,89,13.0
6748,5.1,25.0,101.52,Clear,"2012-10-08 03:00:00",2.9,86,0.0
6749,3.6,25.0,101.58,Clear,"2012-10-08 04:00:00",2.4,92,6.0
6750,2.8,25.0,101.62,Clear,"2012-10-08 05:00:00",2.6,99,0.0
6754,6.6,48.3,101.94,Clear,"2012-10-08 09:00:00",0.5,65,4.0
6767,8.0,25.0,102.08,Clear,"2012-10-08 22:00:00",2.0,66,4.0
6768,7.4,25.0,102.06,Clear,"2012-10-08 23:00:00",1.9,68,7.0
6769,5.8,25.0,102.06,Clear,"2012-10-09 00:00:00",2.6,80,6.0
6770,5.8,25.0,102.08,Clear,"2012-10-09 01:00:00",3.3,84,4.0
6771,5.9,25.0,102.06,Clear,"2012-10-09 02:00:00",3.4,84,6.0
6772,5.9,25.0,102.02,Clear,"2012-10-09 03:00:00",3.2,83,4.0
6773,4.3,25.0,102.04,Clear,"2012-10-09 04:00:00",2.7,89,7.0
6777,8.4,48.3,102.08,Clear,"2012-10-09 08:00:00",6.0,85,15.0
6778,10.3,48.3,102.06,Clear,"2012-10-09 09:00:00",6.4,77,15.0
6779,12.5,48.3,102.0,Clear,"2012-10-09 10:00:00",6.0,65,17.0
6859,4.0,25.0,102.21,Clear,"2012-10-12 18:00:00",-4.5,54,15.0
6860,2.5,25.0,102.28,Clear,"2012-10-12 19:00:00",-3.9,63,13.0
6861,1.2,25.0,102.35,Clear,"2012-10-12 20:00:00",-3.6,70,9.0
6862,0.7,25.0,102.41,Clear,"2012-10-12 21:00:00",-4.0,71,7.0
6863,0.0,25.0,102.47,Clear,"2012-10-12 22:00:00",-4.7,71,9.0
6870,-1.9,25.0,102.53,Clear,"2012-10-13 05:00:00",-3.9,86,0.0
6957,3.7,25.0,100.63,Clear,"2012-10-16 20:00:00",-0.3,75,7.0
6958,3.0,25.0,100.66,Clear,"2012-10-16 21:00:00",-0.5,78,11.0
6959,4.1,25.0,100.73,Clear,"2012-10-16 22:00:00",-0.4,72,7.0
6960,1.6,25.0,100.75,Clear,"2012-10-16 23:00:00",-0.5,86,7.0
6961,3.8,25.0,100.8,Clear,"2012-10-17 00:00:00",0.5,79,11.0
6962,2.8,25.0,100.86,Clear,"2012-10-17 01:00:00",0.6,85,9.0
6963,1.1,25.0,100.91,Clear,"2012-10-17 02:00:00",-1.2,85,7.0
6968,3.3,24.1,101.02,Clear,"2012-10-17 07:00:00",0.7,83,0.0
7052,11.6,25.0,100.04,Clear,"2012-10-20 19:00:00",5.9,68,20.0
7086,7.4,25.0,100.9,Clear,"2012-10-22 05:00:00",4.2,80,24.0
7087,7.2,25.0,100.95,Clear,"2012-10-22 06:00:00",4.1,81,15.0
7100,11.1,25.0,101.21,Clear,"2012-10-22 19:00:00",5.7,69,13.0
7102,8.4,25.0,101.29,Clear,"2012-10-22 21:00:00",5.2,80,9.0
7104,6.4,25.0,101.34,Clear,"2012-10-22 23:00:00",4.4,87,0.0
7105,6.2,25.0,101.36,Clear,"2012-10-23 00:00:00",4.1,86,6.0
7106,5.8,25.0,101.38,Clear,"2012-10-23 01:00:00",3.8,87,4.0
7107,4.9,25.0,101.4,Clear,"2012-10-23 02:00:00",3.3,89,9.0
7108,5.1,25.0,101.42,Clear,"2012-10-23 03:00:00",3.5,89,7.0
7109,5.1,25.0,101.47,Clear,"2012-10-23 04:00:00",3.5,89,4.0
7110,5.4,25.0,101.54,Clear,"2012-10-23 05:00:00",3.6,88,6.0
7128,7.7,25.0,101.79,Clear,"2012-10-23 23:00:00",0.2,59,13.0
7129,7.3,25.0,101.81,Clear,"2012-10-24 00:00:00",-1.4,54,13.0
7130,5.1,25.0,101.83,Clear,"2012-10-24 01:00:00",-1.0,65,13.0
7131,4.0,25.0,101.9,Clear,"2012-10-24 02:00:00",-1.2,69,7.0
7132,4.9,25.0,101.9,Clear,"2012-10-24 03:00:00",-0.9,66,7.0
7133,2.0,25.0,101.91,Clear,"2012-10-24 04:00:00",-1.5,78,9.0
7134,2.6,25.0,101.93,Clear,"2012-10-24 05:00:00",-1.5,74,9.0
7135,1.9,48.3,101.94,Clear,"2012-10-24 06:00:00",-1.4,79,7.0
7136,2.6,48.3,101.99,Clear,"2012-10-24 07:00:00",-0.8,78,11.0
7137,5.8,48.3,102.03,Clear,"2012-10-24 08:00:00",-0.7,63,11.0
7172,11.4,25.0,101.53,Clear,"2012-10-25 19:00:00",5.5,67,15.0
7173,11.0,25.0,101.51,Clear,"2012-10-25 20:00:00",5.9,71,15.0
7174,10.0,25.0,101.51,Clear,"2012-10-25 21:00:00",5.7,75,13.0
7175,9.8,25.0,101.47,Clear,"2012-10-25 22:00:00",6.4,79,13.0
7176,9.3,25.0,101.45,Clear,"2012-10-25 23:00:00",6.6,83,9.0
7177,8.9,25.0,101.47,Clear,"2012-10-26 00:00:00",6.4,84,9.0
7180,7.7,25.0,101.49,Clear,"2012-10-26 03:00:00",6.4,91,7.0
7181,7.2,25.0,101.48,Clear,"2012-10-26 04:00:00",5.2,87,7.0
7182,7.0,16.1,101.52,Clear,"2012-10-26 05:00:00",5.0,87,9.0
7183,6.9,16.1,101.53,Clear,"2012-10-26 06:00:00",4.8,86,11.0
7184,6.7,19.3,101.57,Clear,"2012-10-26 07:00:00",4.5,86,11.0
7185,9.1,16.1,101.6,Clear,"2012-10-26 08:00:00",6.2,82,6.0
7186,11.7,16.1,101.6,Clear,"2012-10-26 09:00:00",7.9,77,7.0
7187,15.1,16.1,101.54,Clear,"2012-10-26 10:00:00",9.8,71,6.0
7188,18.1,16.1,101.51,Clear,"2012-10-26 11:00:00",12.7,71,4.0
7189,19.8,16.1,101.43,Clear,"2012-10-26 12:00:00",12.9,64,9.0
7190,20.9,19.3,101.36,Clear,"2012-10-26 13:00:00",13.3,62,11.0
7191,21.1,19.3,101.36,Clear,"2012-10-26 14:00:00",13.0,60,9.0
7192,20.4,24.1,101.35,Clear,"2012-10-26 15:00:00",13.1,63,13.0
7193,18.2,24.1,101.3,Clear,"2012-10-26 16:00:00",12.3,68,19.0
7442,-3.6,25.0,101.69,Clear,"2012-11-06 01:00:00",-10.3,60,13.0
7443,-4.7,25.0,101.72,Clear,"2012-11-06 02:00:00",-9.7,68,9.0
7444,-5.5,25.0,101.76,Clear,"2012-11-06 03:00:00",-8.9,77,4.0
7459,-0.9,25.0,101.89,Clear,"2012-11-06 18:00:00",-7.8,59,4.0
7460,-0.3,25.0,101.93,Clear,"2012-11-06 19:00:00",-7.7,57,0.0
7461,-1.5,25.0,101.94,Clear,"2012-11-06 20:00:00",-7.3,65,0.0
7462,-0.7,25.0,101.97,Clear,"2012-11-06 21:00:00",-6.9,63,4.0
7463,-0.9,25.0,101.98,Clear,"2012-11-06 22:00:00",-6.6,65,4.0
7464,-1.5,25.0,101.96,Clear,"2012-11-06 23:00:00",-6.4,69,6.0
7465,-0.6,25.0,101.93,Clear,"2012-11-07 00:00:00",-5.9,67,7.0
7466,-0.9,25.0,101.9,Clear,"2012-11-07 01:00:00",-6.5,66,9.0
7467,-2.6,25.0,101.94,Clear,"2012-11-07 02:00:00",-6.9,72,7.0
7468,-3.6,25.0,101.95,Clear,"2012-11-07 03:00:00",-6.1,83,9.0
7469,-4.0,25.0,102.02,Clear,"2012-11-07 04:00:00",-6.2,85,11.0
7470,-4.3,25.0,101.98,Clear,"2012-11-07 05:00:00",-6.5,85,13.0
7487,0.0,25.0,101.58,Clear,"2012-11-07 22:00:00",-5.6,66,22.0
7515,-4.3,25.0,101.19,Clear,"2012-11-09 02:00:00",-6.3,86,7.0
7516,-3.6,25.0,101.19,Clear,"2012-11-09 03:00:00",-5.6,86,7.0
7517,-3.4,25.0,101.2,Clear,"2012-11-09 04:00:00",-5.2,87,7.0
7544,-1.4,24.1,102.22,Clear,"2012-11-10 07:00:00",-6.0,71,13.0
7545,0.4,24.1,102.32,Clear,"2012-11-10 08:00:00",-4.9,68,13.0
7546,2.0,48.3,102.39,Clear,"2012-11-10 09:00:00",-5.2,59,15.0
7558,1.8,25.0,102.53,Clear,"2012-11-10 21:00:00",-6.1,56,9.0
7575,6.3,48.3,102.08,Clear,"2012-11-11 14:00:00",1.6,72,20.0
7580,1.9,25.0,102.14,Clear,"2012-11-11 19:00:00",0.2,88,17.0
7581,1.5,25.0,102.15,Clear,"2012-11-11 20:00:00",-0.1,89,15.0
7583,1.0,25.0,102.07,Clear,"2012-11-11 22:00:00",-0.5,90,13.0
7584,1.1,25.0,102.04,Clear,"2012-11-11 23:00:00",-0.3,90,15.0
7588,0.2,19.3,101.94,Clear,"2012-11-12 03:00:00",-0.9,92,15.0
7589,-0.3,19.3,101.95,Clear,"2012-11-12 04:00:00",-1.1,94,11.0
7590,-0.2,19.3,101.91,Clear,"2012-11-12 05:00:00",-1.2,93,11.0
7626,3.7,25.0,102.41,Clear,"2012-11-13 17:00:00",-6.1,49,13.0
7627,2.5,25.0,102.54,Clear,"2012-11-13 18:00:00",-5.5,56,11.0
7628,0.8,25.0,102.6,Clear,"2012-11-13 19:00:00",-5.6,62,11.0
7629,-0.7,25.0,102.68,Clear,"2012-11-13 20:00:00",-6.0,67,9.0
7630,-1.0,25.0,102.75,Clear,"2012-11-13 21:00:00",-6.0,69,7.0
7631,-0.9,25.0,102.81,Clear,"2012-11-13 22:00:00",-5.7,70,7.0
7632,-1.5,25.0,102.84,Clear,"2012-11-13 23:00:00",-5.9,72,7.0
7633,-0.1,25.0,102.91,Clear,"2012-11-14 00:00:00",-6.0,64,4.0
7634,-0.7,25.0,102.91,Clear,"2012-11-14 01:00:00",-5.7,69,6.0
7635,-2.3,25.0,102.97,Clear,"2012-11-14 02:00:00",-6.1,75,6.0
7636,-2.4,25.0,102.99,Clear,"2012-11-14 03:00:00",-6.7,72,6.0
7637,-4.0,25.0,103.01,Clear,"2012-11-14 04:00:00",-7.0,80,4.0
7638,-4.7,25.0,103.09,Clear,"2012-11-14 05:00:00",-6.6,87,4.0
7639,-3.6,25.0,103.15,Clear,"2012-11-14 06:00:00",-6.1,83,4.0
7640,-5.2,48.3,103.25,Clear,"2012-11-14 07:00:00",-7.0,87,4.0
7641,-3.0,48.3,103.29,Clear,"2012-11-14 08:00:00",-4.9,87,4.0
7642,0.6,24.1,103.31,Clear,"2012-11-14 09:00:00",-3.1,76,6.0
7643,2.4,24.1,103.34,Clear,"2012-11-14 10:00:00",-4.3,61,2.0
7644,4.6,24.1,103.31,Clear,"2012-11-14 11:00:00",-5.0,50,4.0
7647,5.2,48.3,103.15,Clear,"2012-11-14 14:00:00",-6.2,44,6.0
7648,4.6,48.3,103.15,Clear,"2012-11-14 15:00:00",-7.4,41,6.0
7651,2.8,25.0,103.16,Clear,"2012-11-14 18:00:00",-6.3,51,7.0
7652,2.5,25.0,103.17,Clear,"2012-11-14 19:00:00",-5.9,54,9.0
7653,2.1,25.0,103.18,Clear,"2012-11-14 20:00:00",-5.8,56,11.0
7654,1.8,25.0,103.16,Clear,"2012-11-14 21:00:00",-6.1,56,7.0
7655,1.4,25.0,103.15,Clear,"2012-11-14 22:00:00",-5.7,59,13.0
7656,0.4,25.0,103.12,Clear,"2012-11-14 23:00:00",-6.2,61,11.0
7657,-1.4,25.0,103.1,Clear,"2012-11-15 00:00:00",-6.1,70,13.0
7661,-3.6,25.0,103.0,Clear,"2012-11-15 04:00:00",-6.3,82,9.0
7675,1.0,25.0,102.54,Clear,"2012-11-15 18:00:00",-5.9,60,7.0
7676,0.5,25.0,102.51,Clear,"2012-11-15 19:00:00",-5.8,63,7.0
7677,-0.7,25.0,102.46,Clear,"2012-11-15 20:00:00",-5.7,69,4.0
7678,-2.9,25.0,102.46,Clear,"2012-11-15 21:00:00",-6.3,77,6.0
7679,-1.7,25.0,102.42,Clear,"2012-11-15 22:00:00",-5.2,77,4.0
7680,-4.3,25.0,102.44,Clear,"2012-11-15 23:00:00",-6.3,86,6.0
7681,-3.1,25.0,102.42,Clear,"2012-11-16 00:00:00",-5.5,83,4.0
7682,-5.3,19.3,102.4,Clear,"2012-11-16 01:00:00",-6.9,88,4.0
7683,-4.5,19.3,102.42,Clear,"2012-11-16 02:00:00",-6.3,87,0.0
7684,-3.6,19.3,102.4,Clear,"2012-11-16 03:00:00",-5.1,89,0.0
7685,-6.7,19.3,102.42,Clear,"2012-11-16 04:00:00",-8.1,90,0.0
7686,-6.5,19.3,102.48,Clear,"2012-11-16 05:00:00",-7.7,91,4.0
7705,-1.1,25.0,102.9,Clear,"2012-11-17 00:00:00",-3.5,84,9.0
7706,-1.3,25.0,102.94,Clear,"2012-11-17 01:00:00",-3.5,85,9.0
7708,-2.0,25.0,103.13,Clear,"2012-11-17 03:00:00",-5.0,80,11.0
7709,-3.1,25.0,103.17,Clear,"2012-11-17 04:00:00",-6.5,77,17.0
7710,-2.2,25.0,103.24,Clear,"2012-11-17 05:00:00",-7.3,68,13.0
7711,-2.6,25.0,103.28,Clear,"2012-11-17 06:00:00",-8.2,65,13.0
7722,0.9,25.0,103.46,Clear,"2012-11-17 17:00:00",-7.7,53,4.0
7724,-2.1,25.0,103.51,Clear,"2012-11-17 19:00:00",-7.2,68,4.0
7725,-0.1,25.0,103.49,Clear,"2012-11-17 20:00:00",-7.0,60,7.0
7726,-1.4,25.0,103.51,Clear,"2012-11-17 21:00:00",-6.5,68,7.0
7727,-1.0,25.0,103.54,Clear,"2012-11-17 22:00:00",-6.3,67,7.0
7728,-1.3,25.0,103.56,Clear,"2012-11-17 23:00:00",-6.7,67,9.0
7729,-1.6,25.0,103.58,Clear,"2012-11-18 00:00:00",-6.2,71,0.0
7730,-3.2,25.0,103.59,Clear,"2012-11-18 01:00:00",-6.9,76,0.0
7731,-4.6,25.0,103.63,Clear,"2012-11-18 02:00:00",-6.9,84,0.0
7732,-3.9,25.0,103.61,Clear,"2012-11-18 03:00:00",-6.1,85,7.0
7733,-4.8,25.0,103.59,Clear,"2012-11-18 04:00:00",-6.9,85,7.0
7734,-5.0,25.0,103.61,Clear,"2012-11-18 05:00:00",-7.4,83,7.0
7759,-4.3,25.0,103.01,Clear,"2012-11-19 06:00:00",-7.0,81,7.0
7760,-4.6,16.1,102.99,Clear,"2012-11-19 07:00:00",-7.1,83,9.0
7762,-0.5,24.1,102.92,Clear,"2012-11-19 09:00:00",-4.5,74,7.0
7765,4.9,24.1,102.72,Clear,"2012-11-19 12:00:00",-2.7,58,4.0
7770,3.0,25.0,102.42,Clear,"2012-11-19 17:00:00",-1.5,72,4.0
7773,-1.4,25.0,102.29,Clear,"2012-11-19 20:00:00",-3.6,85,6.0
7775,-3.3,12.9,102.21,Clear,"2012-11-19 22:00:00",-4.3,93,6.0
7826,1.5,16.1,101.83,Clear,"2012-11-22 01:00:00",0.6,94,6.0
7827,1.3,16.1,101.85,Clear,"2012-11-22 02:00:00",-0.1,90,4.0
7828,1.1,16.1,101.86,Clear,"2012-11-22 03:00:00",-0.9,86,4.0
7829,-0.9,12.9,101.84,Clear,"2012-11-22 04:00:00",-2.3,90,4.0
7830,-1.4,16.1,101.85,Clear,"2012-11-22 05:00:00",-3.3,87,6.0
7831,-0.3,19.3,101.84,Clear,"2012-11-22 06:00:00",-2.6,84,9.0
7834,3.3,24.1,101.81,Clear,"2012-11-22 09:00:00",-0.8,74,6.0
7835,6.4,24.1,101.8,Clear,"2012-11-22 10:00:00",-1.2,58,0.0
7849,4.5,25.0,101.06,Clear,"2012-11-23 00:00:00",-1.5,65,15.0
7899,-3.3,25.0,100.15,Clear,"2012-11-25 02:00:00",-9.4,63,33.0
7914,-3.1,25.0,100.27,Clear,"2012-11-25 17:00:00",-11.8,51,24.0
7915,-3.4,25.0,100.35,Clear,"2012-11-25 18:00:00",-11.5,53,20.0
7916,-3.7,25.0,100.39,Clear,"2012-11-25 19:00:00",-11.0,57,22.0
7931,-3.4,48.3,101.25,Clear,"2012-11-26 10:00:00",-11.3,54,19.0
7932,-2.5,48.3,101.3,Clear,"2012-11-26 11:00:00",-10.9,52,22.0
7934,-1.0,48.3,101.34,Clear,"2012-11-26 13:00:00",-10.6,48,24.0
7935,-0.8,48.3,101.38,Clear,"2012-11-26 14:00:00",-11.3,45,24.0
7936,-0.9,48.3,101.48,Clear,"2012-11-26 15:00:00",-9.9,50,26.0
7937,-1.8,48.3,101.56,Clear,"2012-11-26 16:00:00",-9.0,58,24.0
7938,-3.0,25.0,101.67,Clear,"2012-11-26 17:00:00",-9.5,61,20.0
7939,-3.4,25.0,101.75,Clear,"2012-11-26 18:00:00",-9.5,63,20.0
7940,-3.8,25.0,101.81,Clear,"2012-11-26 19:00:00",-10.0,62,15.0
7941,-4.6,25.0,101.85,Clear,"2012-11-26 20:00:00",-10.0,66,13.0
7942,-7.3,25.0,101.87,Clear,"2012-11-26 21:00:00",-10.3,79,7.0
7943,-5.4,25.0,101.9,Clear,"2012-11-26 22:00:00",-9.6,72,0.0
7944,-5.8,25.0,101.94,Clear,"2012-11-26 23:00:00",-9.7,74,4.0
7945,-7.4,25.0,101.97,Clear,"2012-11-27 00:00:00",-9.9,82,4.0
7946,-9.0,25.0,101.98,Clear,"2012-11-27 01:00:00",-11.0,85,4.0
7961,-0.5,24.1,102.08,Clear,"2012-11-27 16:00:00",-6.9,62,7.0
7962,-2.2,25.0,102.09,Clear,"2012-11-27 17:00:00",-7.0,70,6.0
7963,-2.8,25.0,102.15,Clear,"2012-11-27 18:00:00",-7.0,73,4.0
7964,-2.8,25.0,102.16,Clear,"2012-11-27 19:00:00",-6.7,74,6.0
7965,-4.5,25.0,102.14,Clear,"2012-11-27 20:00:00",-7.5,80,6.0
7993,-3.9,25.0,101.62,Clear,"2012-11-29 00:00:00",-8.6,70,28.0
7994,-5.1,25.0,101.71,Clear,"2012-11-29 01:00:00",-10.6,65,22.0
7995,-6.3,25.0,101.8,Clear,"2012-11-29 02:00:00",-11.9,64,17.0
7996,-7.4,25.0,101.87,Clear,"2012-11-29 03:00:00",-12.2,68,17.0
7997,-8.4,25.0,101.86,Clear,"2012-11-29 04:00:00",-12.4,73,9.0
8017,-10.6,25.0,102.52,Clear,"2012-11-30 00:00:00",-16.1,64,19.0
8018,-12.0,25.0,102.6,Clear,"2012-11-30 01:00:00",-16.5,69,9.0
8019,-13.5,25.0,102.72,Clear,"2012-11-30 02:00:00",-16.9,76,6.0
8020,-12.6,25.0,102.78,Clear,"2012-11-30 03:00:00",-16.7,71,4.0
8021,-12.4,25.0,102.82,Clear,"2012-11-30 04:00:00",-17.0,68,4.0
8022,-13.6,25.0,102.9,Clear,"2012-11-30 05:00:00",-17.0,75,6.0
8041,-10.8,25.0,103.26,Clear,"2012-12-01 00:00:00",-16.2,64,9.0
8095,1.8,25.0,101.58,Clear,"2012-12-03 06:00:00",-0.1,87,11.0
8296,-5.7,24.1,101.29,Clear,"2012-12-11 15:00:00",-11.5,64,13.0
8297,-6.1,24.1,101.35,Clear,"2012-12-11 16:00:00",-11.6,65,15.0
8298,-6.8,24.1,101.45,Clear,"2012-12-11 17:00:00",-11.7,68,11.0
8299,-6.9,25.0,101.51,Clear,"2012-12-11 18:00:00",-11.5,70,13.0
8300,-7.9,25.0,101.6,Clear,"2012-12-11 19:00:00",-11.0,78,13.0
8301,-7.9,25.0,101.68,Clear,"2012-12-11 20:00:00",-11.3,77,15.0
8302,-8.7,25.0,101.74,Clear,"2012-12-11 21:00:00",-11.6,79,9.0
8303,-9.1,25.0,101.78,Clear,"2012-12-11 22:00:00",-11.4,83,6.0
8304,-8.3,25.0,101.84,Clear,"2012-12-11 23:00:00",-11.2,80,9.0
8305,-9.2,25.0,101.87,Clear,"2012-12-12 00:00:00",-11.6,83,7.0
8306,-9.4,25.0,101.91,Clear,"2012-12-12 01:00:00",-11.5,85,7.0
8307,-10.3,25.0,101.96,Clear,"2012-12-12 02:00:00",-12.0,87,4.0
8308,-9.6,25.0,102.0,Clear,"2012-12-12 03:00:00",-11.3,87,4.0
8309,-10.1,25.0,102.04,Clear,"2012-12-12 04:00:00",-11.6,89,6.0
8310,-10.3,25.0,102.06,Clear,"2012-12-12 05:00:00",-11.7,89,4.0
8311,-9.5,25.0,102.1,Clear,"2012-12-12 06:00:00",-11.3,87,4.0
8329,-6.1,12.9,102.44,Clear,"2012-12-13 00:00:00",-7.4,90,6.0
8330,-4.3,12.9,102.49,Clear,"2012-12-13 01:00:00",-5.3,93,11.0
8331,-5.9,11.3,102.57,Clear,"2012-12-13 02:00:00",-6.6,95,6.0
8332,-6.1,11.3,102.61,Clear,"2012-12-13 03:00:00",-7.0,93,11.0
8377,-5.3,25.0,102.18,Clear,"2012-12-15 00:00:00",-10.5,67,20.0
8378,-6.5,25.0,102.27,Clear,"2012-12-15 01:00:00",-11.4,68,17.0
8379,-7.1,25.0,102.36,Clear,"2012-12-15 02:00:00",-11.8,69,19.0
8380,-8.0,25.0,102.41,Clear,"2012-12-15 03:00:00",-13.2,66,17.0
8381,-8.5,25.0,102.42,Clear,"2012-12-15 04:00:00",-13.8,66,15.0
8382,-9.3,25.0,102.47,Clear,"2012-12-15 05:00:00",-14.2,67,20.0
8383,-9.9,25.0,102.58,Clear,"2012-12-15 06:00:00",-14.5,69,17.0
8384,-10.2,48.3,102.63,Clear,"2012-12-15 07:00:00",-15.1,67,19.0
8385,-10.7,48.3,102.69,Clear,"2012-12-15 08:00:00",-15.6,67,13.0
8386,-10.4,48.3,102.74,Clear,"2012-12-15 09:00:00",-15.9,64,19.0
8390,-8.4,48.3,102.64,Clear,"2012-12-15 13:00:00",-14.7,60,19.0
8395,-9.1,25.0,102.54,Clear,"2012-12-15 18:00:00",-15.1,62,17.0
8397,-8.7,25.0,102.5,Clear,"2012-12-15 20:00:00",-15.1,60,20.0
8600,-11.1,25.0,101.23,Clear,"2012-12-24 07:00:00",-13.9,80,15.0
8601,-11.0,25.0,101.32,Clear,"2012-12-24 08:00:00",-13.9,79,13.0
8602,-10.5,24.1,101.41,Clear,"2012-12-24 09:00:00",-13.7,77,13.0
8611,-10.4,25.0,101.45,Clear,"2012-12-24 18:00:00",-13.8,76,9.0
8632,-7.1,48.3,101.98,Clear,"2012-12-25 15:00:00",-13.7,59,17.0
8633,-7.5,48.3,102.03,Clear,"2012-12-25 16:00:00",-13.9,60,11.0
8634,-8.3,25.0,102.1,Clear,"2012-12-25 17:00:00",-13.4,67,13.0
8638,-9.7,25.0,102.28,Clear,"2012-12-25 21:00:00",-12.5,80,4.0
8639,-10.9,25.0,102.34,Clear,"2012-12-25 22:00:00",-13.2,83,4.0
8640,-10.4,25.0,102.45,Clear,"2012-12-25 23:00:00",-12.7,83,11.0
8641,-11.8,25.0,102.41,Clear,"2012-12-26 00:00:00",-13.5,87,4.0
8642,-11.2,25.0,102.42,Clear,"2012-12-26 01:00:00",-12.9,87,6.0
8643,-12.7,25.0,102.45,Clear,"2012-12-26 02:00:00",-14.4,87,4.0
8644,-14.2,25.0,102.52,Clear,"2012-12-26 03:00:00",-15.8,88,6.0
8645,-13.1,25.0,102.55,Clear,"2012-12-26 04:00:00",-14.7,88,6.0
8646,-12.7,25.0,102.48,Clear,"2012-12-26 05:00:00",-14.1,89,4.0
8647,-13.4,25.0,102.47,Clear,"2012-12-26 06:00:00",-14.8,89,4.0
8699,-6.1,24.1,101.27,Clear,"2012-12-28 10:00:00",-8.6,82,19.0
8714,-11.9,25.0,101.31,Clear,"2012-12-29 01:00:00",-13.6,87,11.0
8715,-11.8,25.0,101.33,Clear,"2012-12-29 02:00:00",-13.1,90,13.0
8757,-13.8,25.0,101.52,Clear,"2012-12-30 20:00:00",-16.5,80,24.0
